audiofile	transcript	duration
_ПОВТОР_24 - Новости 11_12.wav	11_12-18	330.396735
_ПОВТОР_24 - Новости 14_12.wav	14_12-18	286.641633
_ПОВТОР_24 - Новости 15_12.wav	15_12-18	334.915918
_ПОВТОР_24 - Новости 16_12.wav	16_12-18	334.001633
_ПОВТОР_24 - Новости 17_12.wav	17_12-18	339.513469
_ПОВТОР_24 - Новости 18_12.wav	18_12-18	323.787755
_ПОВТОР_24 - Новости 21_12.wav	21_12-18	338.076735
_ПОВТОР_24 - Новости 22_12.wav	22_12-18	314.017959
_ПОВТОР_24 - Новости 23_12.wav	23_12-18	342.360816
_ПОВТОР_24 - Новости 24_12.wav	24_12-18	285.936327
_ПОВТОР_24 - Новости 25_12.wav	25_12-18	352.679184
_ПОВТОР_24 - Новости 28_12.wav	28_12-18	322.56
_ПОВТОР_24 - Новости 29_12.wav	29_12-18	332.617143
_ПОВТОР_24 - Новости 30_12.wav	30_12-18	330.579592
_ПОВТОР_24 - Новости 11_01.wav	11_01-18	272.404898
_ПОВТОР_24 - Новости 12_01.wav	12_01-18	301.635918
_ПОВТОР_24 - Новости 13_01.wav	13_01-18	274.886531
_ПОВТОР_24 - Новости 14_01.wav	14_01-18	330.945306
_ПОВТОР_24 - Новости 15_01.wav	15_01-18	324.571429
_ПОВТОР_24 - Новости 18_01.wav	18_01-18	323.108571
_ПОВТОР_24 - Новости 19_01.wav	19_01-18	263.131429
_ПОВТОР_24 - Новости 20_01.wav	20_01-18	293.381224
_ПОВТОР_24 - Новости 21_01.wav	21_01-18	276.401633
_ПОВТОР_24 - Новости 22_01.wav	22_01-18	286.432653
_ПОВТОР_24 - Новости 25_01.wav	25_01-18	241.449796
_ПОВТОР_24 - Новости 26_01.wav	26_01-18	275.664036
_ПОВТОР_24 - Новости 27_01.wav	27_01-18	262.704036
_ПОВТОР_24 - Новости 28_01.wav	28_01-18	251.616009
_ПОВТОР_24 - Новости 29_01.wav	29_01-18	261.936009
Abramovich_1.wav	Abramovich_1.lab	6.410998
Abramovich_2.wav	Abramovich_2.lab	2.732018
Abramovich_3.wav	Abramovich_3.lab	3.517007
Abramovich_4.wav	Abramovich_4.lab	2.825011
Abramovich_5.wav	Abramovich_5.lab	4.220998
Abramovich_6.wav	Abramovich_6.lab	4.244014
A chatterbox and a wanton girl_1.wav	A chatterbox and a wanton girl_1.lab	1.736
A chatterbox and a wanton girl_2.wav	A chatterbox and a wanton girl_2.lab	7.705
A chatterbox and a wanton girl_3.wav	A chatterbox and a wanton girl_3.lab	3.111
A chatterbox and a wanton girl_4.wav	A chatterbox and a wanton girl_4.lab	2.587
A chatterbox and a wanton girl_5.wav	A chatterbox and a wanton girl_5.lab	9.17
A chatterbox and a wanton girl_6.wav	A chatterbox and a wanton girl_6.lab	2.901
A chatterbox and a wanton girl_7.wav	A chatterbox and a wanton girl_7.lab	4.0
A chatterbox and a wanton girl_8.wav	A chatterbox and a wanton girl_8.lab	2.638
A chatterbox and a wanton girl_9.wav	A chatterbox and a wanton girl_9.lab	5.08
An evil spirit and a dicky bird_10.wav	An evil spirit and a dicky bird_10.lab	2.24
An evil spirit and a dicky bird_11.wav	An evil spirit and a dicky bird_11.lab	2.82
An evil spirit and a dicky bird_12.wav	An evil spirit and a dicky bird_12.lab	1.94
An evil spirit and a dicky bird_13.wav	An evil spirit and a dicky bird_13.lab	4.38
An evil spirit and a dicky bird_14.wav	An evil spirit and a dicky bird_14.lab	1.46
An evil spirit and a dicky bird_1.wav	An evil spirit and a dicky bird_1.lab	8.78
An evil spirit and a dicky bird_2.wav	An evil spirit and a dicky bird_2.lab	1.48
An evil spirit and a dicky bird_3.wav	An evil spirit and a dicky bird_3.lab	3.3
An evil spirit and a dicky bird_4.wav	An evil spirit and a dicky bird_4.lab	4.14
An evil spirit and a dicky bird_5.wav	An evil spirit and a dicky bird_5.lab	4.04
An evil spirit and a dicky bird_6.wav	An evil spirit and a dicky bird_6.lab	3.16
An evil spirit and a dicky bird_7.wav	An evil spirit and a dicky bird_7.lab	2.04
An evil spirit and a dicky bird_8.wav	An evil spirit and a dicky bird_8.lab	2.4
An evil spirit and a dicky bird_9.wav	An evil spirit and a dicky bird_9.lab	3.18
Being a child_10.wav	Being a child_10.lab	3.583016
Being a child_11.wav	Being a child_11.lab	5.362993
Being a child_12.wav	Being a child_12.lab	3.42
Being a child_13.wav	Being a child_13.lab	3.449002
Being a child_14.wav	Being a child_14.lab	4.325011
Being a child_15.wav	Being a child_15.lab	6.447007
Being a child_16.wav	Being a child_16.lab	2.84
Being a child_17.wav	Being a child_17.lab	4.294989
Being a child_18.wav	Being a child_18.lab	12.136984
Being a child_19.wav	Being a child_19.lab	12.584014
Being a child_1.wav	Being a child_1.lab	2.35898
Being a child_20.wav	Being a child_20.lab	5.38
Being a child_21.wav	Being a child_21.lab	2.71
Being a child_22.wav	Being a child_22.lab	2.63
Being a child_23.wav	Being a child_23.lab	10.14
Being a child_24.wav	Being a child_24.lab	12.149002
Being a child_25.wav	Being a child_25.lab	2.187982
Being a child_26.wav	Being a child_26.lab	1.25102
Being a child_27.wav	Being a child_27.lab	1.835986
Being a child_28.wav	Being a child_28.lab	15.683991
Being a child_29.wav	Being a child_29.lab	16.3
Being a child_2.wav	Being a child_2.lab	3.507007
Being a child_30.wav	Being a child_30.lab	4.812993
Being a child_31.wav	Being a child_31.lab	2.41
Being a child_32.wav	Being a child_32.lab	4.791995
Being a child_33.wav	Being a child_33.lab	7.241995
Being a child_3.wav	Being a child_3.lab	7.125011
Being a child_4.wav	Being a child_4.lab	17.711995
Being a child_5.wav	Being a child_5.lab	8.25
Being a child_6.wav	Being a child_6.lab	3.794014
Being a child_7.wav	Being a child_7.lab	5.191995
Being a child_8.wav	Being a child_8.lab	9.05
Being a child_9.wav	Being a child_9.lab	4.6
Birth_1.wav	Birth_1.lab	2.78
Birth_2.wav	Birth_2.lab	24.42
Birth_3.wav	Birth_3.lab	1.81
Birth_4.wav	Birth_4.lab	12.98
Birth_5.wav	Birth_5.lab	4.66
Birth_6.wav	Birth_6.lab	4.42
Birth_7.wav	Birth_7.lab	2.72
Birth_8.wav	Birth_8.lab	4.33
Birth_9.wav	Birth_9.lab	9.73
Boots_10.wav	Boots_10.lab	0.833
Boots_1.wav	Boots_1.lab	3.42
Boots_2.wav	Boots_2.lab	1.13
Boots_3.wav	Boots_3.lab	6.024
Boots_4.wav	Boots_4.lab	6.59
Boots_5.wav	Boots_5.lab	3.537
Boots_6.wav	Boots_6.lab	1.833
Boots_7.wav	Boots_7.lab	2.548
Boots_8.wav	Boots_8.lab	9.428
Boots_9.wav	Boots_9.lab	7.715
Bouillon with crushed bones_10.wav	Bouillon with crushed bones_10.lab	3.84
Bouillon with crushed bones_11.wav	Bouillon with crushed bones_11.lab	6.0
Bouillon with crushed bones_12.wav	Bouillon with crushed bones_12.lab	2.26
Bouillon with crushed bones_13.wav	Bouillon with crushed bones_13.lab	3.36
Bouillon with crushed bones_14.wav	Bouillon with crushed bones_14.lab	2.73
Bouillon with crushed bones_15.wav	Bouillon with crushed bones_15.lab	2.88
Bouillon with crushed bones_16.wav	Bouillon with crushed bones_16.lab	5.41
Bouillon with crushed bones_17.wav	Bouillon with crushed bones_17.lab	3.49
Bouillon with crushed bones_18.wav	Bouillon with crushed bones_18.lab	2.69
Bouillon with crushed bones_19.wav	Bouillon with crushed bones_19.lab	3.8
Bouillon with crushed bones_1.wav	Bouillon with crushed bones_1.lab	2.2
Bouillon with crushed bones_20.wav	Bouillon with crushed bones_20.lab	2.39
Bouillon with crushed bones_2.wav	Bouillon with crushed bones_2.lab	8.05
Bouillon with crushed bones_3.wav	Bouillon with crushed bones_3.lab	1.85
Bouillon with crushed bones_4.wav	Bouillon with crushed bones_4.lab	3.25
Bouillon with crushed bones_5.wav	Bouillon with crushed bones_5.lab	4.45
Bouillon with crushed bones_6.wav	Bouillon with crushed bones_6.lab	4.3
Bouillon with crushed bones_7.wav	Bouillon with crushed bones_7.lab	2.9
Bouillon with crushed bones_8.wav	Bouillon with crushed bones_8.lab	3.78
Bouillon with crushed bones_9.wav	Bouillon with crushed bones_9.lab	4.62
Brandy_10.wav	Brandy_10.lab	3.263
Brandy_11.wav	Brandy_11.lab	1.927
Brandy_12.wav	Brandy_12.lab	1.458
Brandy_13.wav	Brandy_13.lab	3.346
Brandy_14.wav	Brandy_14.lab	1.965
Brandy_15.wav	Brandy_15.lab	4.278
Brandy_16.wav	Brandy_16.lab	3.224
Brandy_17.wav	Brandy_17.lab	3.848
Brandy_18.wav	Brandy_18.lab	5.784
Brandy_19.wav	Brandy_19.lab	2.847
Brandy_1.wav	Brandy_1.lab	2.403
Brandy_20.wav	Brandy_20.lab	3.94
Brandy_21.wav	Brandy_21.lab	4.443
Brandy_22.wav	Brandy_22.lab	10.749
Brandy_23.wav	Brandy_23.lab	1.326
Brandy_24.wav	Brandy_24.lab	2.11
Brandy_25.wav	Brandy_25.lab	2.154
Brandy_2.wav	Brandy_2.lab	2.862
Brandy_3.wav	Brandy_3.lab	4.981
Brandy_4.wav	Brandy_4.lab	4.964
Brandy_5.wav	Brandy_5.lab	14.34
Brandy_6.wav	Brandy_6.lab	1.073
Brandy_7.wav	Brandy_7.lab	1.911
Brandy_8.wav	Brandy_8.lab	2.627
Brandy_9.wav	Brandy_9.lab	5.783
Breast_10.wav	Breast_10.lab	2.25
Breast_11.wav	Breast_11.lab	1.12
Breast_12.wav	Breast_12.lab	1.65
Breast_13.wav	Breast_13.lab	2.746984
Breast_14.wav	Breast_14.lab	1.67
Breast_15.wav	Breast_15.lab	3.55
Breast_16.wav	Breast_16.lab	6.12
Breast_17.wav	Breast_17.lab	5.12
Breast_18.wav	Breast_18.lab	6.2
Breast_19.wav	Breast_19.lab	4.19102
Breast_1.wav	Breast_1.lab	4.827007
Breast_20.wav	Breast_20.lab	2.9
Breast_21.wav	Breast_21.lab	9.721995
Breast_2.wav	Breast_2.lab	5.567007
Breast_3.wav	Breast_3.lab	6.264989
Breast_4.wav	Breast_4.lab	3.038005
Breast_5.wav	Breast_5.lab	4.0
Breast_6.wav	Breast_6.lab	1.629002
Breast_7.wav	Breast_7.lab	3.232993
Breast_8.wav	Breast_8.lab	1.49
Breast_9.wav	Breast_9.lab	1.46
Chapaev_10.wav	Chapaev_10.lab	5.4
Chapaev_11.wav	Chapaev_11.lab	3.64
Chapaev_12.wav	Chapaev_12.lab	5.23
Chapaev_13.wav	Chapaev_13.lab	2.82
Chapaev_14.wav	Chapaev_14.lab	3.62
Chapaev_15.wav	Chapaev_15.lab	2.46
Chapaev_16.wav	Chapaev_16.lab	1.95
Chapaev_17.wav	Chapaev_17.lab	10.69
Chapaev_18.wav	Chapaev_18.lab	2.63
Chapaev_19.wav	Chapaev_19.lab	11.14
Chapaev_1.wav	Chapaev_1.lab	4.43
Chapaev_20.wav	Chapaev_20.lab	3.1
Chapaev_21.wav	Chapaev_21.lab	4.0
Chapaev_22.wav	Chapaev_22.lab	3.46
Chapaev_2.wav	Chapaev_2.lab	5.32
Chapaev_3.wav	Chapaev_3.lab	3.63
Chapaev_4.wav	Chapaev_4.lab	4.99
Chapaev_5.wav	Chapaev_5.lab	7.0
Chapaev_6.wav	Chapaev_6.lab	3.03
Chapaev_7.wav	Chapaev_7.lab	2.71
Chapaev_8.wav	Chapaev_8.lab	2.57
Chapaev_9.wav	Chapaev_9.lab	7.8
Dog sledge driver_1.wav	Dog sledge driver_1.lab	4.52
Dog sledge driver_2.wav	Dog sledge driver_2.lab	3.917007
Dog sledge driver_3.wav	Dog sledge driver_3.lab	3.073991
Dog sledge driver_4.wav	Dog sledge driver_4.lab	2.019002
Dog sledge driver_5.wav	Dog sledge driver_5.lab	3.536984
Dog sledge driver_6.wav	Dog sledge driver_6.lab	1.712993
Dog sledge driver_7.wav	Dog sledge driver_7.lab	2.509002
Doormat_1.wav	Doormat_1.lab	3.42
Doormat_2.wav	Doormat_2.lab	3.66
Doormat_3.wav	Doormat_3.lab	2.71
Doormat_4.wav	Doormat_4.lab	2.55
Doormat_5.wav	Doormat_5.lab	2.13
Doormat_6.wav	Doormat_6.lab	3.61
Doormat_7.wav	Doormat_7.lab	4.53
Doormat_8.wav	Doormat_8.lab	2.02
Doormat_9.wav	Doormat_9.lab	4.44
Eagle_1.wav	Eagle_1.lab	2.72
Eagle_2.wav	Eagle_2.lab	1.68
Eagle_3.wav	Eagle_3.lab	3.49
Eagle_4.wav	Eagle_4.lab	2.44
Eagle_5.wav	Eagle_5.lab	4.69
Eagle_6.wav	Eagle_6.lab	2.55
Endless fairy tale_1.wav	Endless fairy tale_1.lab	3.535011
Endless fairy tale_2.wav	Endless fairy tale_2.lab	2.128005
Endless fairy tale_3.wav	Endless fairy tale_3.lab	1.055986
Endless fairy tale_4.wav	Endless fairy tale_4.lab	1.1
Endless fairy tale_5.wav	Endless fairy tale_5.lab	1.830998
Endless fairy tale_6.wav	Endless fairy tale_6.lab	3.507007
Endless fairy tale_7.wav	Endless fairy tale_7.lab	1.719002
Endless fairy tale_8.wav	Endless fairy tale_8.lab	1.07
Endless fairy tale_9.wav	Endless fairy tale_9.lab	1.282018
Eraqor_10.wav	Eraqor_10.lab	5.98
Eraqor_11.wav	Eraqor_11.lab	5.06
Eraqor_12.wav	Eraqor_12.lab	5.53
Eraqor_13.wav	Eraqor_13.lab	4.42
Eraqor_14.wav	Eraqor_14.lab	7.0
Eraqor_15.wav	Eraqor_15.lab	6.8
Eraqor_1.wav	Eraqor_1.lab	8.48
Eraqor_2.wav	Eraqor_2.lab	14.0
Eraqor_3.wav	Eraqor_3.lab	5.1
Eraqor_4.wav	Eraqor_4.lab	2.944
Eraqor_5.wav	Eraqor_5.lab	2.73
Eraqor_6.wav	Eraqor_6.lab	5.34
Eraqor_7.wav	Eraqor_7.lab	3.79
Eraqor_8.wav	Eraqor_8.lab	7.37
Eraqor_9.wav	Eraqor_9.lab	5.2
Faces_1.wav	Faces_1.lab	2.06
Faces_2.wav	Faces_2.lab	7.166984
Faces_3.wav	Faces_3.lab	2.086984
Faces_4.wav	Faces_4.lab	2.043991
Faces_5.wav	Faces_5.lab	3.76
Faces_6.wav	Faces_6.lab	1.38
Faces_7.wav	Faces_7.lab	2.46
Fishing with Ilya_10.wav	Fishing with Ilya_10.lab	3.031995
Fishing with Ilya_11.wav	Fishing with Ilya_11.lab	2.999002
Fishing with Ilya_12.wav	Fishing with Ilya_12.lab	4.298005
Fishing with Ilya_13.wav	Fishing with Ilya_13.lab	4.324014
Fishing with Ilya_14.wav	Fishing with Ilya_14.lab	9.671995
Fishing with Ilya_15.wav	Fishing with Ilya_15.lab	3.509002
Fishing with Ilya_16.wav	Fishing with Ilya_16.lab	6.42
Fishing with Ilya_17.wav	Fishing with Ilya_17.lab	2.630998
Fishing with Ilya_18.wav	Fishing with Ilya_18.lab	3.385986
Fishing with Ilya_19.wav	Fishing with Ilya_19.lab	1.47
Fishing with Ilya_1.wav	Fishing with Ilya_1.lab	4.392993
Fishing with Ilya_20.wav	Fishing with Ilya_20.lab	3.54
Fishing with Ilya_21.wav	Fishing with Ilya_21.lab	4.6
Fishing with Ilya_2.wav	Fishing with Ilya_2.lab	2.803016
Fishing with Ilya_3.wav	Fishing with Ilya_3.lab	7.665011
Fishing with Ilya_4.wav	Fishing with Ilya_4.lab	8.11
Fishing with Ilya_5.wav	Fishing with Ilya_5.lab	2.181995
Fishing with Ilya_6.wav	Fishing with Ilya_6.lab	5.426009
Fishing with Ilya_7.wav	Fishing with Ilya_7.lab	8.788005
Fishing with Ilya_8.wav	Fishing with Ilya_8.lab	14.54
Fishing with Ilya_9.wav	Fishing with Ilya_9.lab	6.052993
Fly agarics_10.wav	Fly agarics_10.lab	4.387007
Fly agarics_1.wav	Fly agarics_1.lab	10.24
Fly agarics_2.wav	Fly agarics_2.lab	2.309002
Fly agarics_3.wav	Fly agarics_3.lab	2.194989
Fly agarics_4.wav	Fly agarics_4.lab	3.307007
Fly agarics_5.wav	Fly agarics_5.lab	0.890998
Fly agarics_6.wav	Fly agarics_6.lab	1.565986
Fly agarics_7.wav	Fly agarics_7.lab	0.942993
Fly agarics_8.wav	Fly agarics_8.lab	2.335986
Fly agarics_9.wav	Fly agarics_9.lab	13.727982
Gathering mushrooms_10.wav	Gathering mushrooms_10.lab	5.43
Gathering mushrooms_11.wav	Gathering mushrooms_11.lab	0.69
Gathering mushrooms_12.wav	Gathering mushrooms_12.lab	0.06
Gathering mushrooms_13.wav	Gathering mushrooms_13.lab	0.31
Gathering mushrooms_14.wav	Gathering mushrooms_14.lab	0.984989
Gathering mushrooms_15.wav	Gathering mushrooms_15.lab	1.184989
Gathering mushrooms_16.wav	Gathering mushrooms_16.lab	6.87
Gathering mushrooms_1.wav	Gathering mushrooms_1.lab	3.64
Gathering mushrooms_2.wav	Gathering mushrooms_2.lab	3.62
Gathering mushrooms_3.wav	Gathering mushrooms_3.lab	1.75
Gathering mushrooms_4.wav	Gathering mushrooms_4.lab	3.366984
Gathering mushrooms_5.wav	Gathering mushrooms_5.lab	2.23
Gathering mushrooms_6.wav	Gathering mushrooms_6.lab	3.1
Gathering mushrooms_7.wav	Gathering mushrooms_7.lab	3.33
Gathering mushrooms_8.wav	Gathering mushrooms_8.lab	1.32
Gathering mushrooms_9.wav	Gathering mushrooms_9.lab	1.9
Grass_1.wav	Grass_1.lab	14.091
Grass_2.wav	Grass_2.lab	6.166
Grass_3.wav	Grass_3.lab	19.064
Grass_4.wav	Grass_4.lab	5.792
Grass_5.wav	Grass_5.lab	2.94
Grass_6.wav	Grass_6.lab	2.856
Grass_7.wav	Grass_7.lab	4.939
Grass_8.wav	Grass_8.lab	11.219
Grass_9.wav	Grass_9.lab	13.205
GUM_10.wav	GUM_10.lab	1.48
GUM_11.wav	GUM_11.lab	1.83
GUM_12.wav	GUM_12.lab	1.49
GUM_13.wav	GUM_13.lab	4.3
GUM_14.wav	GUM_14.lab	2.02
GUM_15.wav	GUM_15.lab	3.23
GUM_16.wav	GUM_16.lab	1.58
GUM_17.wav	GUM_17.lab	6.63
GUM_18.wav	GUM_18.lab	1.79
GUM_19.wav	GUM_19.lab	5.47
GUM_1.wav	GUM_1.lab	7.49
GUM_20.wav	GUM_20.lab	7.02
GUM_21.wav	GUM_21.lab	6.9
GUM_22.wav	GUM_22.lab	1.49
GUM_23.wav	GUM_23.lab	1.57
GUM_24.wav	GUM_24.lab	1.51
GUM_25.wav	GUM_25.lab	3.96
GUM_26.wav	GUM_26.lab	3.01
GUM_27.wav	GUM_27.lab	3.65
GUM_28.wav	GUM_28.lab	3.89
GUM_29.wav	GUM_29.lab	2.75
GUM_2.wav	GUM_2.lab	9.6
GUM_30.wav	GUM_30.lab	3.94
GUM_31.wav	GUM_31.lab	2.01
GUM_32.wav	GUM_32.lab	1.13
GUM_33.wav	GUM_33.lab	1.9
GUM_34.wav	GUM_34.lab	3.39
GUM_35.wav	GUM_35.lab	2.563991
GUM_3.wav	GUM_3.lab	4.31
GUM_4.wav	GUM_4.lab	8.82
GUM_5.wav	GUM_5.lab	8.47
GUM_6.wav	GUM_6.lab	2.28
GUM_7.wav	GUM_7.lab	5.62
GUM_8.wav	GUM_8.lab	2.23
GUM_9.wav	GUM_9.lab	4.14
Guy_1.wav	Guy_1.lab	7.5
Guy_2.wav	Guy_2.lab	8.41
Guy_3.wav	Guy_3.lab	2.7
Guy_4.wav	Guy_4.lab	3.84
Guy_5.wav	Guy_5.lab	4.92
Guy_6.wav	Guy_6.lab	2.83
Guy_7.wav	Guy_7.lab	4.84
Guy_8.wav	Guy_8.lab	4.88
Having bear ears_10.wav	Having bear ears_10.lab	4.36
Having bear ears_11.wav	Having bear ears_11.lab	3.1
Having bear ears_12.wav	Having bear ears_12.lab	2.22
Having bear ears_13.wav	Having bear ears_13.lab	1.74
Having bear ears_14.wav	Having bear ears_14.lab	6.73
Having bear ears_15.wav	Having bear ears_15.lab	4.37
Having bear ears_16.wav	Having bear ears_16.lab	7.85
Having bear ears_17.wav	Having bear ears_17.lab	1.41
Having bear ears_18.wav	Having bear ears_18.lab	2.61
Having bear ears_19.wav	Having bear ears_19.lab	1.56
Having bear ears_1.wav	Having bear ears_1.lab	3.52
Having bear ears_20.wav	Having bear ears_20.lab	1.59
Having bear ears_21.wav	Having bear ears_21.lab	2.34
Having bear ears_22.wav	Having bear ears_22.lab	1.74
Having bear ears_23.wav	Having bear ears_23.lab	2.15
Having bear ears_24.wav	Having bear ears_24.lab	2.77
Having bear ears_25.wav	Having bear ears_25.lab	1.73
Having bear ears_26.wav	Having bear ears_26.lab	0.87
Having bear ears_27.wav	Having bear ears_27.lab	3.0
Having bear ears_28.wav	Having bear ears_28.lab	3.65
Having bear ears_29.wav	Having bear ears_29.lab	2.16
Having bear ears_2.wav	Having bear ears_2.lab	2.45
Having bear ears_30.wav	Having bear ears_30.lab	5.36
Having bear ears_31.wav	Having bear ears_31.lab	4.51
Having bear ears_32.wav	Having bear ears_32.lab	5.55
Having bear ears_33.wav	Having bear ears_33.lab	5.72
Having bear ears_3.wav	Having bear ears_3.lab	5.25
Having bear ears_4.wav	Having bear ears_4.lab	7.55
Having bear ears_5.wav	Having bear ears_5.lab	4.97
Having bear ears_6.wav	Having bear ears_6.lab	3.93
Having bear ears_7.wav	Having bear ears_7.lab	2.95
Having bear ears_8.wav	Having bear ears_8.lab	2.81
Having bear ears_9.wav	Having bear ears_9.lab	15.06
Hooligan_10.wav	Hooligan_10.lab	3.8
Hooligan_11.wav	Hooligan_11.lab	3.29
Hooligan_12.wav	Hooligan_12.lab	1.404014
Hooligan_13.wav	Hooligan_13.lab	3.1
Hooligan_1.wav	Hooligan_1.lab	4.14
Hooligan_2.wav	Hooligan_2.lab	7.47
Hooligan_3.wav	Hooligan_3.lab	7.69
Hooligan_4.wav	Hooligan_4.lab	4.0
Hooligan_5.wav	Hooligan_5.lab	3.25
Hooligan_6.wav	Hooligan_6.lab	2.69
Hooligan_7.wav	Hooligan_7.lab	3.18
Hooligan_8.wav	Hooligan_8.lab	3.9
Hooligan_9.wav	Hooligan_9.lab	3.27
I am from Chukotka_10.wav	I am from Chukotka_10.lab	3.45
I am from Chukotka_11.wav	I am from Chukotka_11.lab	1.71
I am from Chukotka_12.wav	I am from Chukotka_12.lab	2.73
I am from Chukotka_13.wav	I am from Chukotka_13.lab	4.04
I am from Chukotka_14.wav	I am from Chukotka_14.lab	3.49
I am from Chukotka_15.wav	I am from Chukotka_15.lab	1.23
I am from Chukotka_16.wav	I am from Chukotka_16.lab	11.20102
I am from Chukotka_17.wav	I am from Chukotka_17.lab	1.96
I am from Chukotka_18.wav	I am from Chukotka_18.lab	4.45
I am from Chukotka_19.wav	I am from Chukotka_19.lab	2.66
I am from Chukotka_1.wav	I am from Chukotka_1.lab	5.74
I am from Chukotka_20.wav	I am from Chukotka_20.lab	1.19
I am from Chukotka_21.wav	I am from Chukotka_21.lab	5.02
I am from Chukotka_22.wav	I am from Chukotka_22.lab	2.11
I am from Chukotka_23.wav	I am from Chukotka_23.lab	2.31
I am from Chukotka_24.wav	I am from Chukotka_24.lab	1.45
I am from Chukotka_25.wav	I am from Chukotka_25.lab	2.26
I am from Chukotka_26.wav	I am from Chukotka_26.lab	2.41
I am from Chukotka_27.wav	I am from Chukotka_27.lab	3.35
I am from Chukotka_28.wav	I am from Chukotka_28.lab	2.26
I am from Chukotka_29.wav	I am from Chukotka_29.lab	4.0
I am from Chukotka_2.wav	I am from Chukotka_2.lab	2.11
I am from Chukotka_30.wav	I am from Chukotka_30.lab	3.30898
I am from Chukotka_3.wav	I am from Chukotka_3.lab	7.03
I am from Chukotka_4.wav	I am from Chukotka_4.lab	2.92
I am from Chukotka_5.wav	I am from Chukotka_5.lab	2.64
I am from Chukotka_6.wav	I am from Chukotka_6.lab	6.25
I am from Chukotka_7.wav	I am from Chukotka_7.lab	5.77
I am from Chukotka_8.wav	I am from Chukotka_8.lab	5.77
I am from Chukotka_9.wav	I am from Chukotka_9.lab	3.29
Ice Age_10.wav	Ice Age_10.lab	6.447
Ice Age_11.wav	Ice Age_11.lab	2.824
Ice Age_12.wav	Ice Age_12.lab	10.688
Ice Age_13.wav	Ice Age_13.lab	8.381
Ice Age_14.wav	Ice Age_14.lab	3.351
Ice Age_15.wav	Ice Age_15.lab	14.899
Ice Age_16.wav	Ice Age_16.lab	6.548
Ice Age_1.wav	Ice Age_1.lab	7.744
Ice Age_2.wav	Ice Age_2.lab	5.851
Ice Age_3.wav	Ice Age_3.lab	9.946
Ice Age_4.wav	Ice Age_4.lab	1.156
Ice Age_5.wav	Ice Age_5.lab	13.505
Ice Age_6.wav	Ice Age_6.lab	3.957
Ice Age_7.wav	Ice Age_7.lab	8.077
Ice Age_8.wav	Ice Age_8.lab	1.072
Ice Age_9.wav	Ice Age_9.lab	6.162
Incident_1.wav	Incident_1.lab	6.07
Incident_2.wav	Incident_2.lab	10.984989
Incident_3.wav	Incident_3.lab	5.665011
Incident_4.wav	Incident_4.lab	5.704989
In the evening_1.wav	In the evening_1.lab	4.46
In the evening_2.wav	In the evening_2.lab	2.04
In the evening_3.wav	In the evening_3.lab	0.936984
In the evening_4.wav	In the evening_4.lab	0.923016
In the evening_5.wav	In the evening_5.lab	3.324989
In the evening_6.wav	In the evening_6.lab	1.740998
In the evening_7.wav	In the evening_7.lab	1.994014
In the tracks of a gadfly_1.wav	In the tracks of a gadfly_1.lab	2.59
In the tracks of a gadfly_2.wav	In the tracks of a gadfly_2.lab	2.93
In the tracks of a gadfly_3.wav	In the tracks of a gadfly_3.lab	2.91
Katyusha_1.wav	Katyusha_1.lab	10.45
Katyusha_2.wav	Katyusha_2.lab	8.23
Katyusha_3.wav	Katyusha_3.lab	2.57
Katyusha_4.wav	Katyusha_4.lab	2.85
Katyusha_5.wav	Katyusha_5.lab	8.28
Kettle_10.wav	Kettle_10.lab	2.47
Kettle_11.wav	Kettle_11.lab	9.985
Kettle_12.wav	Kettle_12.lab	3.203
Kettle_13.wav	Kettle_13.lab	1.574
Kettle_14.wav	Kettle_14.lab	3.49
Kettle_15.wav	Kettle_15.lab	1.11
Kettle_16.wav	Kettle_16.lab	4.014
Kettle_17.wav	Kettle_17.lab	2.2
Kettle_18.wav	Kettle_18.lab	1.477
Kettle_19.wav	Kettle_19.lab	5.195
Kettle_1.wav	Kettle_1.lab	6.9
Kettle_20.wav	Kettle_20.lab	3.58
Kettle_21.wav	Kettle_21.lab	3.53
Kettle_22.wav	Kettle_22.lab	2.513
Kettle_23.wav	Kettle_23.lab	8.189
Kettle_24.wav	Kettle_24.lab	2.133
Kettle_25.wav	Kettle_25.lab	4.162
Kettle_26.wav	Kettle_26.lab	1.143
Kettle_27.wav	Kettle_27.lab	6.262
Kettle_28.wav	Kettle_28.lab	3.434
Kettle_29.wav	Kettle_29.lab	1.634
Kettle_2.wav	Kettle_2.lab	3.8
Kettle_30.wav	Kettle_30.lab	2.496
Kettle_31.wav	Kettle_31.lab	3.893
Kettle_32.wav	Kettle_32.lab	2.02
Kettle_33.wav	Kettle_33.lab	4.18
Kettle_34.wav	Kettle_34.lab	5.768
Kettle_35.wav	Kettle_35.lab	2.761
Kettle_36.wav	Kettle_36.lab	1.96
Kettle_37.wav	Kettle_37.lab	4.638
Kettle_3.wav	Kettle_3.lab	3.79
Kettle_4.wav	Kettle_4.lab	3.67
Kettle_5.wav	Kettle_5.lab	3.59
Kettle_6.wav	Kettle_6.lab	1.55
Kettle_7.wav	Kettle_7.lab	6.39
Kettle_8.wav	Kettle_8.lab	7.9
Kettle_9.wav	Kettle_9.lab	2.67
Knives_10.wav	Knives_10.lab	5.0
Knives_11.wav	Knives_11.lab	5.315
Knives_12.wav	Knives_12.lab	2.0
Knives_13.wav	Knives_13.lab	2.5
Knives_14.wav	Knives_14.lab	4.6
Knives_15.wav	Knives_15.lab	5.117
Knives_16.wav	Knives_16.lab	6.1
Knives_17.wav	Knives_17.lab	2.6
Knives_18.wav	Knives_18.lab	6.6
Knives_19.wav	Knives_19.lab	2.8
Knives_1.wav	Knives_1.lab	6.322
Knives_20.wav	Knives_20.lab	3.4
Knives_21.wav	Knives_21.lab	2.0
Knives_22.wav	Knives_22.lab	3.8
Knives_23.wav	Knives_23.lab	3.831
Knives_2.wav	Knives_2.lab	2.6
Knives_3.wav	Knives_3.lab	4.07
Knives_4.wav	Knives_4.lab	4.84
Knives_5.wav	Knives_5.lab	1.2
Knives_6.wav	Knives_6.lab	5.02
Knives_7.wav	Knives_7.lab	0.6
Knives_8.wav	Knives_8.lab	3.1
Knives_9.wav	Knives_9.lab	5.61
Komsomolets_10.wav	Komsomolets_10.lab	3.99
Komsomolets_11.wav	Komsomolets_11.lab	1.49
Komsomolets_1.wav	Komsomolets_1.lab	3.42
Komsomolets_2.wav	Komsomolets_2.lab	3.36
Komsomolets_3.wav	Komsomolets_3.lab	6.26
Komsomolets_4.wav	Komsomolets_4.lab	1.84
Komsomolets_5.wav	Komsomolets_5.lab	5.29
Komsomolets_6.wav	Komsomolets_6.lab	4.21
Komsomolets_7.wav	Komsomolets_7.lab	3.49
Komsomolets_8.wav	Komsomolets_8.lab	4.38
Komsomolets_9.wav	Komsomolets_9.lab	4.08
Komsomolets (again)_10.wav	Komsomolets (again)_10.lab	3.825
Komsomolets (again)_11.wav	Komsomolets (again)_11.lab	1.84
Komsomolets (again)_12.wav	Komsomolets (again)_12.lab	4.71
Komsomolets (again)_1.wav	Komsomolets (again)_1.lab	3.8
Komsomolets (again)_2.wav	Komsomolets (again)_2.lab	3.09
Komsomolets (again)_3.wav	Komsomolets (again)_3.lab	2.97
Komsomolets (again)_4.wav	Komsomolets (again)_4.lab	2.18
Komsomolets (again)_5.wav	Komsomolets (again)_5.lab	3.45
Komsomolets (again)_6.wav	Komsomolets (again)_6.lab	3.76
Komsomolets (again)_7.wav	Komsomolets (again)_7.lab	4.69
Komsomolets (again)_8.wav	Komsomolets (again)_8.lab	2.665
Komsomolets (again)_9.wav	Komsomolets (again)_9.lab	3.63
Larvae_10.wav	Larvae_10.lab	3.44
Larvae_11.wav	Larvae_11.lab	1.51
Larvae_12.wav	Larvae_12.lab	4.71
Larvae_13.wav	Larvae_13.lab	3.14
Larvae_14.wav	Larvae_14.lab	6.16
Larvae_15.wav	Larvae_15.lab	3.22
Larvae_16.wav	Larvae_16.lab	4.9
Larvae_17.wav	Larvae_17.lab	4.18
Larvae_18.wav	Larvae_18.lab	0.52
Larvae_19.wav	Larvae_19.lab	6.51
Larvae_1.wav	Larvae_1.lab	1.83
Larvae_20.wav	Larvae_20.lab	0.63
Larvae_21.wav	Larvae_21.lab	2.16
Larvae_2.wav	Larvae_2.lab	6.47
Larvae_3.wav	Larvae_3.lab	2.17
Larvae_4.wav	Larvae_4.lab	6.72
Larvae_5.wav	Larvae_5.lab	2.42
Larvae_6.wav	Larvae_6.lab	4.19
Larvae_7.wav	Larvae_7.lab	2.72
Larvae_8.wav	Larvae_8.lab	2.05
Larvae_9.wav	Larvae_9.lab	2.35
Let’s go wash to Egvekinot_10.wav	Let’s go wash to Egvekinot_10.lab	4.17
Let’s go wash to Egvekinot_11.wav	Let’s go wash to Egvekinot_11.lab	6.97
Let’s go wash to Egvekinot_12.wav	Let’s go wash to Egvekinot_12.lab	10.36
Let’s go wash to Egvekinot_13.wav	Let’s go wash to Egvekinot_13.lab	9.15
Let’s go wash to Egvekinot_14.wav	Let’s go wash to Egvekinot_14.lab	3.06
Let’s go wash to Egvekinot_15.wav	Let’s go wash to Egvekinot_15.lab	2.32
Let’s go wash to Egvekinot_16.wav	Let’s go wash to Egvekinot_16.lab	7.7
Let’s go wash to Egvekinot_17.wav	Let’s go wash to Egvekinot_17.lab	5.07
Let’s go wash to Egvekinot_18.wav	Let’s go wash to Egvekinot_18.lab	2.68
Let’s go wash to Egvekinot_19.wav	Let’s go wash to Egvekinot_19.lab	1.227007
Let’s go wash to Egvekinot_1.wav	Let’s go wash to Egvekinot_1.lab	4.66
Let’s go wash to Egvekinot_2.wav	Let’s go wash to Egvekinot_2.lab	5.37
Let’s go wash to Egvekinot_3.wav	Let’s go wash to Egvekinot_3.lab	5.09
Let’s go wash to Egvekinot_4.wav	Let’s go wash to Egvekinot_4.lab	5.43
Let’s go wash to Egvekinot_5.wav	Let’s go wash to Egvekinot_5.lab	10.87
Let’s go wash to Egvekinot_6.wav	Let’s go wash to Egvekinot_6.lab	1.41
Let’s go wash to Egvekinot_7.wav	Let’s go wash to Egvekinot_7.lab	4.17
Let’s go wash to Egvekinot_8.wav	Let’s go wash to Egvekinot_8.lab	8.55
Let’s go wash to Egvekinot_9.wav	Let’s go wash to Egvekinot_9.lab	1.77
Life_1.wav	Life_1.lab	5.88
Life_2.wav	Life_2.lab	10.133016
Life_3.wav	Life_3.lab	3.737982
Life_4.wav	Life_4.lab	4.966009
Life_5.wav	Life_5.lab	2.154014
Life_6.wav	Life_6.lab	2.042993
Life_7.wav	Life_7.lab	3.138005
Money_10.wav	Money_10.lab	2.79
Money_11.wav	Money_11.lab	3.12
Money_12.wav	Money_12.lab	3.64
Money_13.wav	Money_13.lab	5.57
Money_14.wav	Money_14.lab	5.7
Money_1.wav	Money_1.lab	3.54
Money_2.wav	Money_2.lab	5.67
Money_3.wav	Money_3.lab	2.44
Money_4.wav	Money_4.lab	2.98
Money_5.wav	Money_5.lab	3.08
Money_6.wav	Money_6.lab	2.25
Money_7.wav	Money_7.lab	3.64
Money_8.wav	Money_8.lab	2.49
Money_9.wav	Money_9.lab	3.7
Mother_10.wav	Mother_10.lab	7.656009
Mother_11.wav	Mother_11.lab	12.687007
Mother_12.wav	Mother_12.lab	8.780998
Mother_13.wav	Mother_13.lab	6.157007
Mother_14.wav	Mother_14.lab	7.245986
Mother_1.wav	Mother_1.lab	9.406009
Mother_2.wav	Mother_2.lab	6.560998
Mother_3.wav	Mother_3.lab	4.453016
Mother_4.wav	Mother_4.lab	10.780998
Mother_5.wav	Mother_5.lab	5.578005
Mother_6.wav	Mother_6.lab	5.655986
Mother_7.wav	Mother_7.lab	5.561995
Mother_8.wav	Mother_8.lab	16.844014
Mother_9.wav	Mother_9.lab	3.983991
Muscovite woman_1.wav	Muscovite woman_1.lab	4.145011
Muscovite woman_2.wav	Muscovite woman_2.lab	3.658005
Muscovite woman_3.wav	Muscovite woman_3.lab	1.4
Muscovite woman_4.wav	Muscovite woman_4.lab	2.054989
Muscovite woman_5.wav	Muscovite woman_5.lab	2.954014
Muscovite woman_6.wav	Muscovite woman_6.lab	2.23
Muscovite woman_7.wav	Muscovite woman_7.lab	2.955986
Mushrooming with Pauline_1.wav	Mushrooming with Pauline_1.lab	5.12
Mushrooming with Pauline_2.wav	Mushrooming with Pauline_2.lab	3.182993
Mushrooming with Pauline_3.wav	Mushrooming with Pauline_3.lab	3.173016
Mushrooming with Pauline_4.wav	Mushrooming with Pauline_4.lab	9.31
Mushrooming with Pauline_5.wav	Mushrooming with Pauline_5.lab	18.138005
Mushrooming with Pauline_6.wav	Mushrooming with Pauline_6.lab	3.85
Mushrooming with Pauline_7.wav	Mushrooming with Pauline_7.lab	6.830998
Mushrooms_1.wav	Mushrooms_1.lab	11.45
Mushrooms_2.wav	Mushrooms_2.lab	6.76
Mushrooms_3.wav	Mushrooms_3.lab	2.41
Mushrooms_4.wav	Mushrooms_4.lab	3.75
Mushrooms_5.wav	Mushrooms_5.lab	5.06
Mushrooms_6.wav	Mushrooms_6.lab	2.53
Mushrooms_7.wav	Mushrooms_7.lab	2.05
Mushrooms_8.wav	Mushrooms_8.lab	2.44
Mushrooms_9.wav	Mushrooms_9.lab	1.19
Not eating larvae_10.wav	Not eating larvae_10.lab	3.96
Not eating larvae_11.wav	Not eating larvae_11.lab	1.76
Not eating larvae_12.wav	Not eating larvae_12.lab	7.87
Not eating larvae_13.wav	Not eating larvae_13.lab	5.01
Not eating larvae_14.wav	Not eating larvae_14.lab	8.76
Not eating larvae_15.wav	Not eating larvae_15.lab	3.39
Not eating larvae_16.wav	Not eating larvae_16.lab	1.41
Not eating larvae_17.wav	Not eating larvae_17.lab	4.645011
Not eating larvae_18.wav	Not eating larvae_18.lab	3.1
Not eating larvae_19.wav	Not eating larvae_19.lab	3.69
Not eating larvae_1.wav	Not eating larvae_1.lab	4.13
Not eating larvae_20.wav	Not eating larvae_20.lab	3.25
Not eating larvae_21.wav	Not eating larvae_21.lab	6.95
Not eating larvae_22.wav	Not eating larvae_22.lab	1.8
Not eating larvae_23.wav	Not eating larvae_23.lab	5.4
Not eating larvae_24.wav	Not eating larvae_24.lab	12.64
Not eating larvae_25.wav	Not eating larvae_25.lab	3.16
Not eating larvae_26.wav	Not eating larvae_26.lab	1.82
Not eating larvae_27.wav	Not eating larvae_27.lab	2.71
Not eating larvae_28.wav	Not eating larvae_28.lab	6.39
Not eating larvae_29.wav	Not eating larvae_29.lab	2.3
Not eating larvae_2.wav	Not eating larvae_2.lab	11.52
Not eating larvae_30.wav	Not eating larvae_30.lab	5.45
Not eating larvae_31.wav	Not eating larvae_31.lab	9.77
Not eating larvae_32.wav	Not eating larvae_32.lab	2.0
Not eating larvae_33.wav	Not eating larvae_33.lab	2.84
Not eating larvae_34.wav	Not eating larvae_34.lab	3.54
Not eating larvae_35.wav	Not eating larvae_35.lab	1.22
Not eating larvae_36.wav	Not eating larvae_36.lab	6.46
Not eating larvae_37.wav	Not eating larvae_37.lab	1.79
Not eating larvae_38.wav	Not eating larvae_38.lab	2.13
Not eating larvae_39.wav	Not eating larvae_39.lab	1.01
Not eating larvae_3.wav	Not eating larvae_3.lab	4.26
Not eating larvae_40.wav	Not eating larvae_40.lab	1.04
Not eating larvae_41.wav	Not eating larvae_41.lab	0.65
Not eating larvae_42.wav	Not eating larvae_42.lab	1.6
Not eating larvae_43.wav	Not eating larvae_43.lab	2.83
Not eating larvae_44.wav	Not eating larvae_44.lab	4.61
Not eating larvae_45.wav	Not eating larvae_45.lab	2.14
Not eating larvae_46.wav	Not eating larvae_46.lab	1.82
Not eating larvae_47.wav	Not eating larvae_47.lab	3.05
Not eating larvae_48.wav	Not eating larvae_48.lab	5.29
Not eating larvae_49.wav	Not eating larvae_49.lab	3.49
Not eating larvae_4.wav	Not eating larvae_4.lab	1.18
Not eating larvae_50.wav	Not eating larvae_50.lab	1.34
Not eating larvae_51.wav	Not eating larvae_51.lab	3.77
Not eating larvae_52.wav	Not eating larvae_52.lab	8.5
Not eating larvae_53.wav	Not eating larvae_53.lab	1.25
Not eating larvae_5.wav	Not eating larvae_5.lab	2.29
Not eating larvae_6.wav	Not eating larvae_6.lab	4.54
Not eating larvae_7.wav	Not eating larvae_7.lab	5.13
Not eating larvae_8.wav	Not eating larvae_8.lab	3.69
Not eating larvae_9.wav	Not eating larvae_9.lab	4.8
On a daily basis_10.wav	On a daily basis_10.lab	1.22
On a daily basis_11.wav	On a daily basis_11.lab	13.43
On a daily basis_12.wav	On a daily basis_12.lab	1.22
On a daily basis_13.wav	On a daily basis_13.lab	7.3
On a daily basis_14.wav	On a daily basis_14.lab	14.55
On a daily basis_15.wav	On a daily basis_15.lab	3.7
On a daily basis_16.wav	On a daily basis_16.lab	2.53
On a daily basis_17.wav	On a daily basis_17.lab	2.53
On a daily basis_18.wav	On a daily basis_18.lab	7.32
On a daily basis_19.wav	On a daily basis_19.lab	7.47
On a daily basis_1.wav	On a daily basis_1.lab	1.94
On a daily basis_20.wav	On a daily basis_20.lab	1.97
On a daily basis_21.wav	On a daily basis_21.lab	3.38
On a daily basis_22.wav	On a daily basis_22.lab	1.9
On a daily basis_23.wav	On a daily basis_23.lab	2.07
On a daily basis_24.wav	On a daily basis_24.lab	12.69
On a daily basis_25.wav	On a daily basis_25.lab	4.84
On a daily basis_26.wav	On a daily basis_26.lab	7.38
On a daily basis_2.wav	On a daily basis_2.lab	1.76
On a daily basis_3.wav	On a daily basis_3.lab	8.62
On a daily basis_4.wav	On a daily basis_4.lab	1.92
On a daily basis_5.wav	On a daily basis_5.lab	1.23
On a daily basis_6.wav	On a daily basis_6.lab	2.95
On a daily basis_7.wav	On a daily basis_7.lab	1.38
On a daily basis_8.wav	On a daily basis_8.lab	4.78
On a daily basis_9.wav	On a daily basis_9.lab	6.64
Parents_1.wav	Parents_1.lab	8.466
Parents_2.wav	Parents_2.lab	13.0
Parents_3.wav	Parents_3.lab	12.0
Parents_4.wav	Parents_4.lab	14.434
Parents_5.wav	Parents_5.lab	6.5
Parents_6.wav	Parents_6.lab	1.533
Public baths_1.wav	Public baths_1.lab	5.58
Public baths_2.wav	Public baths_2.lab	3.71
Public baths_3.wav	Public baths_3.lab	6.325011
Public baths_4.wav	Public baths_4.lab	6.605011
Public baths_5.wav	Public baths_5.lab	3.805011
Raven and fox_10.wav	Raven and fox_10.lab	4.56
Raven and fox_11.wav	Raven and fox_11.lab	15.72
Raven and fox_12.wav	Raven and fox_12.lab	4.37
Raven and fox_13.wav	Raven and fox_13.lab	3.17
Raven and fox_14.wav	Raven and fox_14.lab	6.99
Raven and fox_15.wav	Raven and fox_15.lab	1.55
Raven and fox_16.wav	Raven and fox_16.lab	2.92
Raven and fox_17.wav	Raven and fox_17.lab	3.91
Raven and fox_18.wav	Raven and fox_18.lab	1.46
Raven and fox_19.wav	Raven and fox_19.lab	2.19
Raven and fox_1.wav	Raven and fox_1.lab	2.834014
Raven and fox_20.wav	Raven and fox_20.lab	1.34
Raven and fox_21.wav	Raven and fox_21.lab	1.87
Raven and fox_22.wav	Raven and fox_22.lab	1.57
Raven and fox_23.wav	Raven and fox_23.lab	1.31
Raven and fox_24.wav	Raven and fox_24.lab	5.67
Raven and fox_25.wav	Raven and fox_25.lab	1.11
Raven and fox_26.wav	Raven and fox_26.lab	2.14
Raven and fox_27.wav	Raven and fox_27.lab	1.153016
Raven and fox_28.wav	Raven and fox_28.lab	2.29
Raven and fox_29.wav	Raven and fox_29.lab	5.87
Raven and fox_2.wav	Raven and fox_2.lab	2.57
Raven and fox_30.wav	Raven and fox_30.lab	5.1
Raven and fox_31.wav	Raven and fox_31.lab	1.78
Raven and fox_32.wav	Raven and fox_32.lab	1.14
Raven and fox_33.wav	Raven and fox_33.lab	2.53
Raven and fox_34.wav	Raven and fox_34.lab	3.12
Raven and fox_35.wav	Raven and fox_35.lab	7.42
Raven and fox_36.wav	Raven and fox_36.lab	1.8
Raven and fox_37.wav	Raven and fox_37.lab	1.29
Raven and fox_38.wav	Raven and fox_38.lab	3.34
Raven and fox_39.wav	Raven and fox_39.lab	1.92
Raven and fox_3.wav	Raven and fox_3.lab	1.86
Raven and fox_40.wav	Raven and fox_40.lab	2.32
Raven and fox_4.wav	Raven and fox_4.lab	9.07
Raven and fox_5.wav	Raven and fox_5.lab	2.875011
Raven and fox_6.wav	Raven and fox_6.lab	2.305011
Raven and fox_7.wav	Raven and fox_7.lab	1.174989
Raven and fox_8.wav	Raven and fox_8.lab	3.995011
Raven and fox_9.wav	Raven and fox_9.lab	5.995011
Running Pauline_1.wav	Running Pauline_1.lab	3.211995
Running Pauline_2.wav	Running Pauline_2.lab	8.44
Running Pauline_3.wav	Running Pauline_3.lab	2.497007
Shaman_10.wav	Shaman_10.lab	1.376
Shaman_11.wav	Shaman_11.lab	3.604
Shaman_12.wav	Shaman_12.lab	2.977
Shaman_13.wav	Shaman_13.lab	2.926
Shaman_14.wav	Shaman_14.lab	2.082
Shaman_15.wav	Shaman_15.lab	3.256
Shaman_16.wav	Shaman_16.lab	5.084
Shaman_17.wav	Shaman_17.lab	3.024
Shaman_18.wav	Shaman_18.lab	4.099
Shaman_19.wav	Shaman_19.lab	3.741
Shaman_1.wav	Shaman_1.lab	7.658
Shaman_20.wav	Shaman_20.lab	1.827
Shaman_21.wav	Shaman_21.lab	10.965
Shaman_22.wav	Shaman_22.lab	6.259
Shaman_23.wav	Shaman_23.lab	10.161
Shaman_24.wav	Shaman_24.lab	2.084
Shaman_25.wav	Shaman_25.lab	4.15
Shaman_2.wav	Shaman_2.lab	2.263
Shaman_3.wav	Shaman_3.lab	7.462
Shaman_4.wav	Shaman_4.lab	1.037
Shaman_5.wav	Shaman_5.lab	3.887
Shaman_6.wav	Shaman_6.lab	1.302
Shaman_7.wav	Shaman_7.lab	12.011
Shaman_8.wav	Shaman_8.lab	2.942
Shaman_9.wav	Shaman_9.lab	11.8
Stud buck reindeer_10.wav	Stud buck reindeer_10.lab	3.570998
Stud buck reindeer_11.wav	Stud buck reindeer_11.lab	6.644989
Stud buck reindeer_1.wav	Stud buck reindeer_1.lab	4.397007
Stud buck reindeer_2.wav	Stud buck reindeer_2.lab	7.2
Stud buck reindeer_3.wav	Stud buck reindeer_3.lab	2.81
Stud buck reindeer_4.wav	Stud buck reindeer_4.lab	7.982018
Stud buck reindeer_5.wav	Stud buck reindeer_5.lab	9.440998
Stud buck reindeer_6.wav	Stud buck reindeer_6.lab	10.885011
Stud buck reindeer_7.wav	Stud buck reindeer_7.lab	6.058005
Stud buck reindeer_8.wav	Stud buck reindeer_8.lab	1.08
Stud buck reindeer_9.wav	Stud buck reindeer_9.lab	5.866984
Telyopka_10.wav	Telyopka_10.lab	2.79
Telyopka_11.wav	Telyopka_11.lab	5.52
Telyopka_12.wav	Telyopka_12.lab	6.38
Telyopka_13.wav	Telyopka_13.lab	5.51
Telyopka_14.wav	Telyopka_14.lab	9.5
Telyopka_15.wav	Telyopka_15.lab	2.77
Telyopka_16.wav	Telyopka_16.lab	3.5
Telyopka_17.wav	Telyopka_17.lab	5.3
Telyopka_18.wav	Telyopka_18.lab	3.59
Telyopka_19.wav	Telyopka_19.lab	4.5
Telyopka_1.wav	Telyopka_1.lab	4.99
Telyopka_20.wav	Telyopka_20.lab	6.11
Telyopka_21.wav	Telyopka_21.lab	4.89
Telyopka_22.wav	Telyopka_22.lab	2.0
Telyopka_23.wav	Telyopka_23.lab	1.8
Telyopka_24.wav	Telyopka_24.lab	1.46
Telyopka_25.wav	Telyopka_25.lab	1.21
Telyopka_26.wav	Telyopka_26.lab	1.63
Telyopka_27.wav	Telyopka_27.lab	1.39
Telyopka_28.wav	Telyopka_28.lab	2.37
Telyopka_29.wav	Telyopka_29.lab	1.934989
Telyopka_2.wav	Telyopka_2.lab	5.36
Telyopka_30.wav	Telyopka_30.lab	1.14
Telyopka_3.wav	Telyopka_3.lab	8.14
Telyopka_4.wav	Telyopka_4.lab	3.09
Telyopka_5.wav	Telyopka_5.lab	3.233991
Telyopka_6.wav	Telyopka_6.lab	6.08
Telyopka_7.wav	Telyopka_7.lab	5.44
Telyopka_8.wav	Telyopka_8.lab	5.61
Telyopka_9.wav	Telyopka_9.lab	7.92
Tent_1.wav	Tent_1.lab	8.600998
Tent_2.wav	Tent_2.lab	3.66
Tent_3.wav	Tent_3.lab	3.938005
Tent_4.wav	Tent_4.lab	3.14
Tent_5.wav	Tent_5.lab	2.5
Tent_6.wav	Tent_6.lab	1.17
Tent_7.wav	Tent_7.lab	13.4
Tent_8.wav	Tent_8.lab	0.91
Tenylqot and Eqelqot_1.wav	Tenylqot and Eqelqot_1.lab	3.4
Tenylqot and Eqelqot_2.wav	Tenylqot and Eqelqot_2.lab	2.87
Tenylqot and Eqelqot_3.wav	Tenylqot and Eqelqot_3.lab	3.56
Tenylqot and Eqelqot_4.wav	Tenylqot and Eqelqot_4.lab	3.27
The day before yesterday_10.wav	The day before yesterday_10.lab	4.22
The day before yesterday_1.wav	The day before yesterday_1.lab	5.45
The day before yesterday_2.wav	The day before yesterday_2.lab	0.14
The day before yesterday_3.wav	The day before yesterday_3.lab	0.56
The day before yesterday_4.wav	The day before yesterday_4.lab	16.04
The day before yesterday_5.wav	The day before yesterday_5.lab	5.7
The day before yesterday_6.wav	The day before yesterday_6.lab	4.54
The day before yesterday_7.wav	The day before yesterday_7.lab	4.83
The day before yesterday_8.wav	The day before yesterday_8.lab	2.88
The day before yesterday_9.wav	The day before yesterday_9.lab	3.52
The Eskimo is fishing_10.wav	The Eskimo is fishing_10.lab	3.26
The Eskimo is fishing_11.wav	The Eskimo is fishing_11.lab	2.140998
The Eskimo is fishing_12.wav	The Eskimo is fishing_12.lab	1.605986
The Eskimo is fishing_13.wav	The Eskimo is fishing_13.lab	2.562993
The Eskimo is fishing_14.wav	The Eskimo is fishing_14.lab	2.365986
The Eskimo is fishing_15.wav	The Eskimo is fishing_15.lab	4.330998
The Eskimo is fishing_16.wav	The Eskimo is fishing_16.lab	2.703991
The Eskimo is fishing_17.wav	The Eskimo is fishing_17.lab	1.703991
The Eskimo is fishing_18.wav	The Eskimo is fishing_18.lab	2.157007
The Eskimo is fishing_19.wav	The Eskimo is fishing_19.lab	1.842993
The Eskimo is fishing_1.wav	The Eskimo is fishing_1.lab	2.96
The Eskimo is fishing_2.wav	The Eskimo is fishing_2.lab	8.6
The Eskimo is fishing_3.wav	The Eskimo is fishing_3.lab	6.125986
The Eskimo is fishing_4.wav	The Eskimo is fishing_4.lab	4.267007
The Eskimo is fishing_5.wav	The Eskimo is fishing_5.lab	3.591995
The Eskimo is fishing_6.wav	The Eskimo is fishing_6.lab	1.224989
The Eskimo is fishing_7.wav	The Eskimo is fishing_7.lab	3.845011
The Eskimo is fishing_8.wav	The Eskimo is fishing_8.lab	1.718005
The Eskimo is fishing_9.wav	The Eskimo is fishing_9.lab	1.19
The race to death_10.wav	The race to death_10.lab	2.294989
The race to death_1.wav	The race to death_1.lab	5.6
The race to death_2.wav	The race to death_2.lab	6.89
The race to death_3.wav	The race to death_3.lab	4.36
The race to death_4.wav	The race to death_4.lab	5.35
The race to death_5.wav	The race to death_5.lab	4.93
The race to death_6.wav	The race to death_6.lab	3.85
The race to death_7.wav	The race to death_7.lab	2.84
The race to death_8.wav	The race to death_8.lab	5.604989
The race to death_9.wav	The race to death_9.lab	6.48
Tongue-twister_1.wav	Tongue-twister_1.lab	5.62898
Transhumance_10.wav	Transhumance_10.lab	2.9
Transhumance_11.wav	Transhumance_11.lab	3.966
Transhumance_12.wav	Transhumance_12.lab	2.724
Transhumance_13.wav	Transhumance_13.lab	8.249
Transhumance_14.wav	Transhumance_14.lab	16.091
Transhumance_15.wav	Transhumance_15.lab	18.444
Transhumance_16.wav	Transhumance_16.lab	3.228
Transhumance_17.wav	Transhumance_17.lab	2.182
Transhumance_18.wav	Transhumance_18.lab	4.386
Transhumance_19.wav	Transhumance_19.lab	5.636
Transhumance_1.wav	Transhumance_1.lab	3.617
Transhumance_20.wav	Transhumance_20.lab	4.75
Transhumance_21.wav	Transhumance_21.lab	7.529
Transhumance_22.wav	Transhumance_22.lab	15.825
Transhumance_23.wav	Transhumance_23.lab	7.084
Transhumance_24.wav	Transhumance_24.lab	5.932
Transhumance_25.wav	Transhumance_25.lab	7.705
Transhumance_26.wav	Transhumance_26.lab	5.672
Transhumance_27.wav	Transhumance_27.lab	1.487
Transhumance_28.wav	Transhumance_28.lab	7.614
Transhumance_29.wav	Transhumance_29.lab	2.546
Transhumance_2.wav	Transhumance_2.lab	2.169
Transhumance_3.wav	Transhumance_3.lab	11.81
Transhumance_4.wav	Transhumance_4.lab	3.1
Transhumance_5.wav	Transhumance_5.lab	1.26
Transhumance_6.wav	Transhumance_6.lab	6.552
Transhumance_7.wav	Transhumance_7.lab	6.798
Transhumance_8.wav	Transhumance_8.lab	4.4
Transhumance_9.wav	Transhumance_9.lab	2.2
Vacation_10.wav	Vacation_10.lab	11.14
Vacation_11.wav	Vacation_11.lab	3.0
Vacation_12.wav	Vacation_12.lab	3.21
Vacation_13.wav	Vacation_13.lab	8.25
Vacation_14.wav	Vacation_14.lab	5.14
Vacation_15.wav	Vacation_15.lab	11.74
Vacation_16.wav	Vacation_16.lab	7.34
Vacation_17.wav	Vacation_17.lab	3.73
Vacation_18.wav	Vacation_18.lab	5.16
Vacation_19.wav	Vacation_19.lab	0.74
Vacation_1.wav	Vacation_1.lab	6.68
Vacation_2.wav	Vacation_2.lab	11.54
Vacation_3.wav	Vacation_3.lab	6.54
Vacation_4.wav	Vacation_4.lab	5.78
Vacation_5.wav	Vacation_5.lab	7.5
Vacation_6.wav	Vacation_6.lab	10.8
Vacation_7.wav	Vacation_7.lab	5.88
Vacation_8.wav	Vacation_8.lab	7.98
Vacation_9.wav	Vacation_9.lab	9.782
Walk_10.wav	Walk_10.lab	2.253991
Walk_11.wav	Walk_11.lab	8.52
Walk_12.wav	Walk_12.lab	3.080998
Walk_13.wav	Walk_13.lab	4.972018
Walk_14.wav	Walk_14.lab	14.520998
Walk_15.wav	Walk_15.lab	3.065986
Walk_16.wav	Walk_16.lab	5.316984
Walk_17.wav	Walk_17.lab	5.33
Walk_18.wav	Walk_18.lab	1.020998
Walk_1.wav	Walk_1.lab	3.34
Walk_2.wav	Walk_2.lab	4.17
Walk_3.wav	Walk_3.lab	7.955011
Walk_4.wav	Walk_4.lab	3.73
Walk_5.wav	Walk_5.lab	7.984989
Walk_6.wav	Walk_6.lab	2.23
Walk_7.wav	Walk_7.lab	10.426984
Walk_8.wav	Walk_8.lab	4.423016
Walk_9.wav	Walk_9.lab	4.559002
Water cart_10.wav	Water cart_10.lab	2.03
Water cart_11.wav	Water cart_11.lab	2.23
Water cart_12.wav	Water cart_12.lab	3.82
Water cart_13.wav	Water cart_13.lab	5.0
Water cart_14.wav	Water cart_14.lab	8.26
Water cart_15.wav	Water cart_15.lab	4.06
Water cart_16.wav	Water cart_16.lab	3.21
Water cart_17.wav	Water cart_17.lab	2.3
Water cart_18.wav	Water cart_18.lab	1.65
Water cart_19.wav	Water cart_19.lab	1.17
Water cart_1.wav	Water cart_1.lab	5.99
Water cart_20.wav	Water cart_20.lab	2.585986
Water cart_21.wav	Water cart_21.lab	2.054989
Water cart_22.wav	Water cart_22.lab	2.215011
Water cart_23.wav	Water cart_23.lab	1.32
Water cart_24.wav	Water cart_24.lab	2.16
Water cart_25.wav	Water cart_25.lab	5.35
Water cart_26.wav	Water cart_26.lab	3.34
Water cart_27.wav	Water cart_27.lab	3.97
Water cart_28.wav	Water cart_28.lab	5.12
Water cart_29.wav	Water cart_29.lab	2.02
Water cart_2.wav	Water cart_2.lab	6.18
Water cart_30.wav	Water cart_30.lab	1.14
Water cart_31.wav	Water cart_31.lab	3.57
Water cart_32.wav	Water cart_32.lab	2.651995
Water cart_33.wav	Water cart_33.lab	5.45
Water cart_34.wav	Water cart_34.lab	2.15
Water cart_35.wav	Water cart_35.lab	2.14
Water cart_36.wav	Water cart_36.lab	8.49
Water cart_37.wav	Water cart_37.lab	2.18
Water cart_38.wav	Water cart_38.lab	3.6
Water cart_39.wav	Water cart_39.lab	3.76
Water cart_3.wav	Water cart_3.lab	4.72
Water cart_40.wav	Water cart_40.lab	1.49102
Water cart_41.wav	Water cart_41.lab	10.618005
Water cart_42.wav	Water cart_42.lab	0.77898
Water cart_4.wav	Water cart_4.lab	9.55
Water cart_5.wav	Water cart_5.lab	2.92
Water cart_6.wav	Water cart_6.lab	1.43
Water cart_7.wav	Water cart_7.lab	1.32
Water cart_8.wav	Water cart_8.lab	2.15
Water cart_9.wav	Water cart_9.lab	5.71
WC_1.wav	WC_1.lab	1.558005
WC_2.wav	WC_2.lab	2.94
WC_3.wav	WC_3.lab	3.915011
WC_4.wav	WC_4.lab	2.041995
WC_5.wav	WC_5.lab	1.622018
WC_6.wav	WC_6.lab	2.8
WC_7.wav	WC_7.lab	3.274014
Worms_1.wav	Worms_1.lab	2.221995
Worms_2.wav	Worms_2.lab	1.546009
Worms_3.wav	Worms_3.lab	3.601995
Worms_4.wav	Worms_4.lab	3.595011
Wyttal_10.wav	Wyttal_10.lab	4.4
Wyttal_11.wav	Wyttal_11.lab	5.5
Wyttal_12.wav	Wyttal_12.lab	2.07
Wyttal_1.wav	Wyttal_1.lab	9.13
Wyttal_2.wav	Wyttal_2.lab	7.4
Wyttal_3.wav	Wyttal_3.lab	1.99
Wyttal_4.wav	Wyttal_4.lab	3.86
Wyttal_5.wav	Wyttal_5.lab	4.43
Wyttal_6.wav	Wyttal_6.lab	2.39
Wyttal_7.wav	Wyttal_7.lab	2.94
Wyttal_8.wav	Wyttal_8.lab	5.41
Wyttal_9.wav	Wyttal_9.lab	5.08
Yurgayuk_10.wav	Yurgayuk_10.lab	2.872993
Yurgayuk_11.wav	Yurgayuk_11.lab	0.68
Yurgayuk_1.wav	Yurgayuk_1.lab	6.321995
Yurgayuk_2.wav	Yurgayuk_2.lab	7.052993
Yurgayuk_3.wav	Yurgayuk_3.lab	1.975011
Yurgayuk_4.wav	Yurgayuk_4.lab	5.19
Yurgayuk_5.wav	Yurgayuk_5.lab	3.214989
Yurgayuk_6.wav	Yurgayuk_6.lab	4.23102
Yurgayuk_7.wav	Yurgayuk_7.lab	4.02
Yurgayuk_8.wav	Yurgayuk_8.lab	2.618005
Yurgayuk_9.wav	Yurgayuk_9.lab	5.518005
B03___01_Luke________CKTIBTP1DA.wav	B03___01_Luke________CKTIBTP1DA_cyr.lab	808.724898
B03___02_Luke________CKTIBTP1DA.wav	B03___02_Luke________CKTIBTP1DA_cyr.lab	582.661224
B03___03_Luke________CKTIBTP1DA.wav	B03___03_Luke________CKTIBTP1DA_cyr.lab	440.267755
B03___04_Luke________CKTIBTP1DA.wav	B03___04_Luke________CKTIBTP1DA_cyr.lab	551.392653
B03___05_Luke________CKTIBTP1DA.wav	B03___05_Luke________CKTIBTP1DA_cyr.lab	559.673469
B03___06_Luke________CKTIBTP1DA.wav	B03___06_Luke________CKTIBTP1DA_cyr.lab	757.76
B03___07_Luke________CKTIBTP1DA.wav	B03___07_Luke________CKTIBTP1DA_cyr.lab	672.052245
B03___08_Luke________CKTIBTP1DA.wav	B03___08_Luke________CKTIBTP1DA_cyr.lab	833.645714
B03___09_Luke________CKTIBTP1DA.wav	B03___09_Luke________CKTIBTP1DA_cyr.lab	863.634286
B03___10_Luke________CKTIBTP1DA.wav	B03___10_Luke________CKTIBTP1DA_cyr.lab	609.515102
B03___11_Luke________CKTIBTP1DA.wav	B03___11_Luke________CKTIBTP1DA_cyr.lab	781.191837
B03___12_Luke________CKTIBTP1DA.wav	B03___12_Luke________CKTIBTP1DA_cyr.lab	833.724082
B03___13_Luke________CKTIBTP1DA.wav	B03___13_Luke________CKTIBTP1DA_cyr.lab	490.266122
B03___14_Luke________CKTIBTP1DA.wav	B03___14_Luke________CKTIBTP1DA_cyr.lab	437.995102
B03___15_Luke________CKTIBTP1DA.wav	B03___15_Luke________CKTIBTP1DA_cyr.lab	381.361633
B03___16_Luke________CKTIBTP1DA.wav	B03___16_Luke________CKTIBTP1DA_cyr.lab	461.191837
B03___17_Luke________CKTIBTP1DA.wav	B03___17_Luke________CKTIBTP1DA_cyr.lab	454.974694
B03___18_Luke________CKTIBTP1DA.wav	B03___18_Luke________CKTIBTP1DA_cyr.lab	530.729796
B03___19_Luke________CKTIBTP1DA.wav	B03___19_Luke________CKTIBTP1DA_cyr.lab	563.356735
B03___20_Luke________CKTIBTP1DA.wav	B03___20_Luke________CKTIBTP1DA_cyr.lab	560.483265
B03___21_Luke________CKTIBTP1DA.wav	B03___21_Luke________CKTIBTP1DA_cyr.lab	453.302857
B03___22_Luke________CKTIBTP1DA.wav	B03___22_Luke________CKTIBTP1DA_cyr.lab	841.377959
B03___23_Luke________CKTIBTP1DA.wav	B03___23_Luke________CKTIBTP1DA_cyr.lab	637.570612
B03___24_Luke________CKTIBTP1DA.wav	B03___24_Luke________CKTIBTP1DA_cyr.lab	552.85551
rasskaz_ob_olennykh_chuckchakh.wav	Об оленных чукчах	129.96
Ворон_и_зайчик.wav	Ворон и зайчик	107.821497
Антонина Кымъытваал - Мэлёталгык&#8217;ай ынкъам кэлы (Сказка &quot;Зайчик и чёрт&quot;).61129642.wav	Зайчик и чёрт	196.637823
Антонина Кымъытваал - Пипиӄылгын ынкъам рэӄокалгын (чукотская Сказка &quot;Мышка и лисица&quot;).171034600.wav	Мышка и лисица	167.824762
Книга пророка Ионы на чукотском языке--F1vh7aTW2w.wav	book_of_jonah	687.090083
