,audiofile,transcript,duration
0,_ПОВТОР_24 - Новости 11_12.wav,11_12-18,330.396735
1,_ПОВТОР_24 - Новости 14_12.wav,14_12-18,286.641633
2,_ПОВТОР_24 - Новости 15_12.wav,15_12-18,334.915918
3,_ПОВТОР_24 - Новости 16_12.wav,16_12-18,334.001633
4,_ПОВТОР_24 - Новости 17_12.wav,17_12-18,339.513469
5,_ПОВТОР_24 - Новости 18_12.wav,18_12-18,323.787755
6,_ПОВТОР_24 - Новости 21_12.wav,21_12-18,338.076735
7,_ПОВТОР_24 - Новости 22_12.wav,22_12-18,314.017959
8,_ПОВТОР_24 - Новости 23_12.wav,23_12-18,342.360816
9,_ПОВТОР_24 - Новости 24_12.wav,24_12-18,285.936327
10,_ПОВТОР_24 - Новости 25_12.wav,25_12-18,352.679184
11,_ПОВТОР_24 - Новости 28_12.wav,28_12-18,322.56
12,_ПОВТОР_24 - Новости 29_12.wav,29_12-18,332.617143
13,_ПОВТОР_24 - Новости 30_12.wav,30_12-18,330.579592
14,_ПОВТОР_24 - Новости 11_01.wav,11_01-18,272.404898
15,_ПОВТОР_24 - Новости 12_01.wav,12_01-18,301.635918
16,_ПОВТОР_24 - Новости 13_01.wav,13_01-18,274.886531
17,_ПОВТОР_24 - Новости 14_01.wav,14_01-18,330.945306
18,_ПОВТОР_24 - Новости 15_01.wav,15_01-18,324.571429
19,_ПОВТОР_24 - Новости 18_01.wav,18_01-18,323.108571
20,_ПОВТОР_24 - Новости 19_01.wav,19_01-18,263.131429
21,_ПОВТОР_24 - Новости 20_01.wav,20_01-18,293.381224
22,_ПОВТОР_24 - Новости 21_01.wav,21_01-18,276.401633
23,_ПОВТОР_24 - Новости 22_01.wav,22_01-18,286.432653
24,_ПОВТОР_24 - Новости 25_01.wav,25_01-18,241.449796
25,_ПОВТОР_24 - Новости 26_01.wav,26_01-18,275.664036
26,_ПОВТОР_24 - Новости 27_01.wav,27_01-18,262.704036
27,_ПОВТОР_24 - Новости 28_01.wav,28_01-18,251.616009
28,_ПОВТОР_24 - Новости 29_01.wav,29_01-18,261.936009
29,Abramovich_1.wav,Abramovich_1.lab,6.410998
30,Abramovich_2.wav,Abramovich_2.lab,2.732018
31,Abramovich_3.wav,Abramovich_3.lab,3.517007
32,Abramovich_4.wav,Abramovich_4.lab,2.825011
33,Abramovich_5.wav,Abramovich_5.lab,4.220998
34,Abramovich_6.wav,Abramovich_6.lab,4.244014
35,A chatterbox and a wanton girl_1.wav,A chatterbox and a wanton girl_1.lab,1.736
36,A chatterbox and a wanton girl_2.wav,A chatterbox and a wanton girl_2.lab,7.705
37,A chatterbox and a wanton girl_3.wav,A chatterbox and a wanton girl_3.lab,3.111
38,A chatterbox and a wanton girl_4.wav,A chatterbox and a wanton girl_4.lab,2.587
39,A chatterbox and a wanton girl_5.wav,A chatterbox and a wanton girl_5.lab,9.17
40,A chatterbox and a wanton girl_6.wav,A chatterbox and a wanton girl_6.lab,2.901
41,A chatterbox and a wanton girl_7.wav,A chatterbox and a wanton girl_7.lab,4.0
42,A chatterbox and a wanton girl_8.wav,A chatterbox and a wanton girl_8.lab,2.638
43,A chatterbox and a wanton girl_9.wav,A chatterbox and a wanton girl_9.lab,5.08
44,An evil spirit and a dicky bird_10.wav,An evil spirit and a dicky bird_10.lab,2.24
45,An evil spirit and a dicky bird_11.wav,An evil spirit and a dicky bird_11.lab,2.82
46,An evil spirit and a dicky bird_12.wav,An evil spirit and a dicky bird_12.lab,1.94
47,An evil spirit and a dicky bird_13.wav,An evil spirit and a dicky bird_13.lab,4.38
48,An evil spirit and a dicky bird_14.wav,An evil spirit and a dicky bird_14.lab,1.46
49,An evil spirit and a dicky bird_1.wav,An evil spirit and a dicky bird_1.lab,8.78
50,An evil spirit and a dicky bird_2.wav,An evil spirit and a dicky bird_2.lab,1.48
51,An evil spirit and a dicky bird_3.wav,An evil spirit and a dicky bird_3.lab,3.3
52,An evil spirit and a dicky bird_4.wav,An evil spirit and a dicky bird_4.lab,4.14
53,An evil spirit and a dicky bird_5.wav,An evil spirit and a dicky bird_5.lab,4.04
54,An evil spirit and a dicky bird_6.wav,An evil spirit and a dicky bird_6.lab,3.16
55,An evil spirit and a dicky bird_7.wav,An evil spirit and a dicky bird_7.lab,2.04
56,An evil spirit and a dicky bird_8.wav,An evil spirit and a dicky bird_8.lab,2.4
57,An evil spirit and a dicky bird_9.wav,An evil spirit and a dicky bird_9.lab,3.18
58,Being a child_10.wav,Being a child_10.lab,3.583016
59,Being a child_11.wav,Being a child_11.lab,5.362993
60,Being a child_12.wav,Being a child_12.lab,3.42
61,Being a child_13.wav,Being a child_13.lab,3.449002
62,Being a child_14.wav,Being a child_14.lab,4.325011
63,Being a child_15.wav,Being a child_15.lab,6.447007
64,Being a child_16.wav,Being a child_16.lab,2.84
65,Being a child_17.wav,Being a child_17.lab,4.294989
66,Being a child_18.wav,Being a child_18.lab,12.136984
67,Being a child_19.wav,Being a child_19.lab,12.584014
68,Being a child_1.wav,Being a child_1.lab,2.35898
69,Being a child_20.wav,Being a child_20.lab,5.38
70,Being a child_21.wav,Being a child_21.lab,2.71
71,Being a child_22.wav,Being a child_22.lab,2.63
72,Being a child_23.wav,Being a child_23.lab,10.14
73,Being a child_24.wav,Being a child_24.lab,12.149002
74,Being a child_25.wav,Being a child_25.lab,2.187982
75,Being a child_26.wav,Being a child_26.lab,1.25102
76,Being a child_27.wav,Being a child_27.lab,1.835986
77,Being a child_28.wav,Being a child_28.lab,15.683991
78,Being a child_29.wav,Being a child_29.lab,16.3
79,Being a child_2.wav,Being a child_2.lab,3.507007
80,Being a child_30.wav,Being a child_30.lab,4.812993
81,Being a child_31.wav,Being a child_31.lab,2.41
82,Being a child_32.wav,Being a child_32.lab,4.791995
83,Being a child_33.wav,Being a child_33.lab,7.241995
84,Being a child_3.wav,Being a child_3.lab,7.125011
85,Being a child_4.wav,Being a child_4.lab,17.711995
86,Being a child_5.wav,Being a child_5.lab,8.25
87,Being a child_6.wav,Being a child_6.lab,3.794014
88,Being a child_7.wav,Being a child_7.lab,5.191995
89,Being a child_8.wav,Being a child_8.lab,9.05
90,Being a child_9.wav,Being a child_9.lab,4.6
91,Birth_1.wav,Birth_1.lab,2.78
92,Birth_2.wav,Birth_2.lab,24.42
93,Birth_3.wav,Birth_3.lab,1.81
94,Birth_4.wav,Birth_4.lab,12.98
95,Birth_5.wav,Birth_5.lab,4.66
96,Birth_6.wav,Birth_6.lab,4.42
97,Birth_7.wav,Birth_7.lab,2.72
98,Birth_8.wav,Birth_8.lab,4.33
99,Birth_9.wav,Birth_9.lab,9.73
100,Boots_10.wav,Boots_10.lab,0.833
101,Boots_1.wav,Boots_1.lab,3.42
102,Boots_2.wav,Boots_2.lab,1.13
103,Boots_3.wav,Boots_3.lab,6.024
104,Boots_4.wav,Boots_4.lab,6.59
105,Boots_5.wav,Boots_5.lab,3.537
106,Boots_6.wav,Boots_6.lab,1.833
107,Boots_7.wav,Boots_7.lab,2.548
108,Boots_8.wav,Boots_8.lab,9.428
109,Boots_9.wav,Boots_9.lab,7.715
110,Bouillon with crushed bones_10.wav,Bouillon with crushed bones_10.lab,3.84
111,Bouillon with crushed bones_11.wav,Bouillon with crushed bones_11.lab,6.0
112,Bouillon with crushed bones_12.wav,Bouillon with crushed bones_12.lab,2.26
113,Bouillon with crushed bones_13.wav,Bouillon with crushed bones_13.lab,3.36
114,Bouillon with crushed bones_14.wav,Bouillon with crushed bones_14.lab,2.73
115,Bouillon with crushed bones_15.wav,Bouillon with crushed bones_15.lab,2.88
116,Bouillon with crushed bones_16.wav,Bouillon with crushed bones_16.lab,5.41
117,Bouillon with crushed bones_17.wav,Bouillon with crushed bones_17.lab,3.49
118,Bouillon with crushed bones_18.wav,Bouillon with crushed bones_18.lab,2.69
119,Bouillon with crushed bones_19.wav,Bouillon with crushed bones_19.lab,3.8
120,Bouillon with crushed bones_1.wav,Bouillon with crushed bones_1.lab,2.2
121,Bouillon with crushed bones_20.wav,Bouillon with crushed bones_20.lab,2.39
122,Bouillon with crushed bones_2.wav,Bouillon with crushed bones_2.lab,8.05
123,Bouillon with crushed bones_3.wav,Bouillon with crushed bones_3.lab,1.85
124,Bouillon with crushed bones_4.wav,Bouillon with crushed bones_4.lab,3.25
125,Bouillon with crushed bones_5.wav,Bouillon with crushed bones_5.lab,4.45
126,Bouillon with crushed bones_6.wav,Bouillon with crushed bones_6.lab,4.3
127,Bouillon with crushed bones_7.wav,Bouillon with crushed bones_7.lab,2.9
128,Bouillon with crushed bones_8.wav,Bouillon with crushed bones_8.lab,3.78
129,Bouillon with crushed bones_9.wav,Bouillon with crushed bones_9.lab,4.62
130,Brandy_10.wav,Brandy_10.lab,3.263
131,Brandy_11.wav,Brandy_11.lab,1.927
132,Brandy_12.wav,Brandy_12.lab,1.458
133,Brandy_13.wav,Brandy_13.lab,3.346
134,Brandy_14.wav,Brandy_14.lab,1.965
135,Brandy_15.wav,Brandy_15.lab,4.278
136,Brandy_16.wav,Brandy_16.lab,3.224
137,Brandy_17.wav,Brandy_17.lab,3.848
138,Brandy_18.wav,Brandy_18.lab,5.784
139,Brandy_19.wav,Brandy_19.lab,2.847
140,Brandy_1.wav,Brandy_1.lab,2.403
141,Brandy_20.wav,Brandy_20.lab,3.94
142,Brandy_21.wav,Brandy_21.lab,4.443
143,Brandy_22.wav,Brandy_22.lab,10.749
144,Brandy_23.wav,Brandy_23.lab,1.326
145,Brandy_24.wav,Brandy_24.lab,2.11
146,Brandy_25.wav,Brandy_25.lab,2.154
147,Brandy_2.wav,Brandy_2.lab,2.862
148,Brandy_3.wav,Brandy_3.lab,4.981
149,Brandy_4.wav,Brandy_4.lab,4.964
150,Brandy_5.wav,Brandy_5.lab,14.34
151,Brandy_6.wav,Brandy_6.lab,1.073
152,Brandy_7.wav,Brandy_7.lab,1.911
153,Brandy_8.wav,Brandy_8.lab,2.627
154,Brandy_9.wav,Brandy_9.lab,5.783
155,Breast_10.wav,Breast_10.lab,2.25
156,Breast_11.wav,Breast_11.lab,1.12
157,Breast_12.wav,Breast_12.lab,1.65
158,Breast_13.wav,Breast_13.lab,2.746984
159,Breast_14.wav,Breast_14.lab,1.67
160,Breast_15.wav,Breast_15.lab,3.55
161,Breast_16.wav,Breast_16.lab,6.12
162,Breast_17.wav,Breast_17.lab,5.12
163,Breast_18.wav,Breast_18.lab,6.2
164,Breast_19.wav,Breast_19.lab,4.19102
165,Breast_1.wav,Breast_1.lab,4.827007
166,Breast_20.wav,Breast_20.lab,2.9
167,Breast_21.wav,Breast_21.lab,9.721995
168,Breast_2.wav,Breast_2.lab,5.567007
169,Breast_3.wav,Breast_3.lab,6.264989
170,Breast_4.wav,Breast_4.lab,3.038005
171,Breast_5.wav,Breast_5.lab,4.0
172,Breast_6.wav,Breast_6.lab,1.629002
173,Breast_7.wav,Breast_7.lab,3.232993
174,Breast_8.wav,Breast_8.lab,1.49
175,Breast_9.wav,Breast_9.lab,1.46
176,Chapaev_10.wav,Chapaev_10.lab,5.4
177,Chapaev_11.wav,Chapaev_11.lab,3.64
178,Chapaev_12.wav,Chapaev_12.lab,5.23
179,Chapaev_13.wav,Chapaev_13.lab,2.82
180,Chapaev_14.wav,Chapaev_14.lab,3.62
181,Chapaev_15.wav,Chapaev_15.lab,2.46
182,Chapaev_16.wav,Chapaev_16.lab,1.95
183,Chapaev_17.wav,Chapaev_17.lab,10.69
184,Chapaev_18.wav,Chapaev_18.lab,2.63
185,Chapaev_19.wav,Chapaev_19.lab,11.14
186,Chapaev_1.wav,Chapaev_1.lab,4.43
187,Chapaev_20.wav,Chapaev_20.lab,3.1
188,Chapaev_21.wav,Chapaev_21.lab,4.0
189,Chapaev_22.wav,Chapaev_22.lab,3.46
190,Chapaev_2.wav,Chapaev_2.lab,5.32
191,Chapaev_3.wav,Chapaev_3.lab,3.63
192,Chapaev_4.wav,Chapaev_4.lab,4.99
193,Chapaev_5.wav,Chapaev_5.lab,7.0
194,Chapaev_6.wav,Chapaev_6.lab,3.03
195,Chapaev_7.wav,Chapaev_7.lab,2.71
196,Chapaev_8.wav,Chapaev_8.lab,2.57
197,Chapaev_9.wav,Chapaev_9.lab,7.8
198,Dog sledge driver_1.wav,Dog sledge driver_1.lab,4.52
199,Dog sledge driver_2.wav,Dog sledge driver_2.lab,3.917007
200,Dog sledge driver_3.wav,Dog sledge driver_3.lab,3.073991
201,Dog sledge driver_4.wav,Dog sledge driver_4.lab,2.019002
202,Dog sledge driver_5.wav,Dog sledge driver_5.lab,3.536984
203,Dog sledge driver_6.wav,Dog sledge driver_6.lab,1.712993
204,Dog sledge driver_7.wav,Dog sledge driver_7.lab,2.509002
205,Doormat_1.wav,Doormat_1.lab,3.42
206,Doormat_2.wav,Doormat_2.lab,3.66
207,Doormat_3.wav,Doormat_3.lab,2.71
208,Doormat_4.wav,Doormat_4.lab,2.55
209,Doormat_5.wav,Doormat_5.lab,2.13
210,Doormat_6.wav,Doormat_6.lab,3.61
211,Doormat_7.wav,Doormat_7.lab,4.53
212,Doormat_8.wav,Doormat_8.lab,2.02
213,Doormat_9.wav,Doormat_9.lab,4.44
214,Eagle_1.wav,Eagle_1.lab,2.72
215,Eagle_2.wav,Eagle_2.lab,1.68
216,Eagle_3.wav,Eagle_3.lab,3.49
217,Eagle_4.wav,Eagle_4.lab,2.44
218,Eagle_5.wav,Eagle_5.lab,4.69
219,Eagle_6.wav,Eagle_6.lab,2.55
220,Endless fairy tale_1.wav,Endless fairy tale_1.lab,3.535011
221,Endless fairy tale_2.wav,Endless fairy tale_2.lab,2.128005
222,Endless fairy tale_3.wav,Endless fairy tale_3.lab,1.055986
223,Endless fairy tale_4.wav,Endless fairy tale_4.lab,1.1
224,Endless fairy tale_5.wav,Endless fairy tale_5.lab,1.830998
225,Endless fairy tale_6.wav,Endless fairy tale_6.lab,3.507007
226,Endless fairy tale_7.wav,Endless fairy tale_7.lab,1.719002
227,Endless fairy tale_8.wav,Endless fairy tale_8.lab,1.07
228,Endless fairy tale_9.wav,Endless fairy tale_9.lab,1.282018
229,Eraqor_10.wav,Eraqor_10.lab,5.98
230,Eraqor_11.wav,Eraqor_11.lab,5.06
231,Eraqor_12.wav,Eraqor_12.lab,5.53
232,Eraqor_13.wav,Eraqor_13.lab,4.42
233,Eraqor_14.wav,Eraqor_14.lab,7.0
234,Eraqor_15.wav,Eraqor_15.lab,6.8
235,Eraqor_1.wav,Eraqor_1.lab,8.48
236,Eraqor_2.wav,Eraqor_2.lab,14.0
237,Eraqor_3.wav,Eraqor_3.lab,5.1
238,Eraqor_4.wav,Eraqor_4.lab,2.944
239,Eraqor_5.wav,Eraqor_5.lab,2.73
240,Eraqor_6.wav,Eraqor_6.lab,5.34
241,Eraqor_7.wav,Eraqor_7.lab,3.79
242,Eraqor_8.wav,Eraqor_8.lab,7.37
243,Eraqor_9.wav,Eraqor_9.lab,5.2
244,Faces_1.wav,Faces_1.lab,2.06
245,Faces_2.wav,Faces_2.lab,7.166984
246,Faces_3.wav,Faces_3.lab,2.086984
247,Faces_4.wav,Faces_4.lab,2.043991
248,Faces_5.wav,Faces_5.lab,3.76
249,Faces_6.wav,Faces_6.lab,1.38
250,Faces_7.wav,Faces_7.lab,2.46
251,Fishing with Ilya_10.wav,Fishing with Ilya_10.lab,3.031995
252,Fishing with Ilya_11.wav,Fishing with Ilya_11.lab,2.999002
253,Fishing with Ilya_12.wav,Fishing with Ilya_12.lab,4.298005
254,Fishing with Ilya_13.wav,Fishing with Ilya_13.lab,4.324014
255,Fishing with Ilya_14.wav,Fishing with Ilya_14.lab,9.671995
256,Fishing with Ilya_15.wav,Fishing with Ilya_15.lab,3.509002
257,Fishing with Ilya_16.wav,Fishing with Ilya_16.lab,6.42
258,Fishing with Ilya_17.wav,Fishing with Ilya_17.lab,2.630998
259,Fishing with Ilya_18.wav,Fishing with Ilya_18.lab,3.385986
260,Fishing with Ilya_19.wav,Fishing with Ilya_19.lab,1.47
261,Fishing with Ilya_1.wav,Fishing with Ilya_1.lab,4.392993
262,Fishing with Ilya_20.wav,Fishing with Ilya_20.lab,3.54
263,Fishing with Ilya_21.wav,Fishing with Ilya_21.lab,4.6
264,Fishing with Ilya_2.wav,Fishing with Ilya_2.lab,2.803016
265,Fishing with Ilya_3.wav,Fishing with Ilya_3.lab,7.665011
266,Fishing with Ilya_4.wav,Fishing with Ilya_4.lab,8.11
267,Fishing with Ilya_5.wav,Fishing with Ilya_5.lab,2.181995
268,Fishing with Ilya_6.wav,Fishing with Ilya_6.lab,5.426009
269,Fishing with Ilya_7.wav,Fishing with Ilya_7.lab,8.788005
270,Fishing with Ilya_8.wav,Fishing with Ilya_8.lab,14.54
271,Fishing with Ilya_9.wav,Fishing with Ilya_9.lab,6.052993
272,Fly agarics_10.wav,Fly agarics_10.lab,4.387007
273,Fly agarics_1.wav,Fly agarics_1.lab,10.24
274,Fly agarics_2.wav,Fly agarics_2.lab,2.309002
275,Fly agarics_3.wav,Fly agarics_3.lab,2.194989
276,Fly agarics_4.wav,Fly agarics_4.lab,3.307007
277,Fly agarics_5.wav,Fly agarics_5.lab,0.890998
278,Fly agarics_6.wav,Fly agarics_6.lab,1.565986
279,Fly agarics_7.wav,Fly agarics_7.lab,0.942993
280,Fly agarics_8.wav,Fly agarics_8.lab,2.335986
281,Fly agarics_9.wav,Fly agarics_9.lab,13.727982
282,Gathering mushrooms_10.wav,Gathering mushrooms_10.lab,5.43
283,Gathering mushrooms_11.wav,Gathering mushrooms_11.lab,0.69
284,Gathering mushrooms_12.wav,Gathering mushrooms_12.lab,0.06
285,Gathering mushrooms_13.wav,Gathering mushrooms_13.lab,0.31
286,Gathering mushrooms_14.wav,Gathering mushrooms_14.lab,0.984989
287,Gathering mushrooms_15.wav,Gathering mushrooms_15.lab,1.184989
288,Gathering mushrooms_16.wav,Gathering mushrooms_16.lab,6.87
289,Gathering mushrooms_1.wav,Gathering mushrooms_1.lab,3.64
290,Gathering mushrooms_2.wav,Gathering mushrooms_2.lab,3.62
291,Gathering mushrooms_3.wav,Gathering mushrooms_3.lab,1.75
292,Gathering mushrooms_4.wav,Gathering mushrooms_4.lab,3.366984
293,Gathering mushrooms_5.wav,Gathering mushrooms_5.lab,2.23
294,Gathering mushrooms_6.wav,Gathering mushrooms_6.lab,3.1
295,Gathering mushrooms_7.wav,Gathering mushrooms_7.lab,3.33
296,Gathering mushrooms_8.wav,Gathering mushrooms_8.lab,1.32
297,Gathering mushrooms_9.wav,Gathering mushrooms_9.lab,1.9
298,Grass_1.wav,Grass_1.lab,14.091
299,Grass_2.wav,Grass_2.lab,6.166
300,Grass_3.wav,Grass_3.lab,19.064
301,Grass_4.wav,Grass_4.lab,5.792
302,Grass_5.wav,Grass_5.lab,2.94
303,Grass_6.wav,Grass_6.lab,2.856
304,Grass_7.wav,Grass_7.lab,4.939
305,Grass_8.wav,Grass_8.lab,11.219
306,Grass_9.wav,Grass_9.lab,13.205
307,GUM_10.wav,GUM_10.lab,1.48
308,GUM_11.wav,GUM_11.lab,1.83
309,GUM_12.wav,GUM_12.lab,1.49
310,GUM_13.wav,GUM_13.lab,4.3
311,GUM_14.wav,GUM_14.lab,2.02
312,GUM_15.wav,GUM_15.lab,3.23
313,GUM_16.wav,GUM_16.lab,1.58
314,GUM_17.wav,GUM_17.lab,6.63
315,GUM_18.wav,GUM_18.lab,1.79
316,GUM_19.wav,GUM_19.lab,5.47
317,GUM_1.wav,GUM_1.lab,7.49
318,GUM_20.wav,GUM_20.lab,7.02
319,GUM_21.wav,GUM_21.lab,6.9
320,GUM_22.wav,GUM_22.lab,1.49
321,GUM_23.wav,GUM_23.lab,1.57
322,GUM_24.wav,GUM_24.lab,1.51
323,GUM_25.wav,GUM_25.lab,3.96
324,GUM_26.wav,GUM_26.lab,3.01
325,GUM_27.wav,GUM_27.lab,3.65
326,GUM_28.wav,GUM_28.lab,3.89
327,GUM_29.wav,GUM_29.lab,2.75
328,GUM_2.wav,GUM_2.lab,9.6
329,GUM_30.wav,GUM_30.lab,3.94
330,GUM_31.wav,GUM_31.lab,2.01
331,GUM_32.wav,GUM_32.lab,1.13
332,GUM_33.wav,GUM_33.lab,1.9
333,GUM_34.wav,GUM_34.lab,3.39
334,GUM_35.wav,GUM_35.lab,2.563991
335,GUM_3.wav,GUM_3.lab,4.31
336,GUM_4.wav,GUM_4.lab,8.82
337,GUM_5.wav,GUM_5.lab,8.47
338,GUM_6.wav,GUM_6.lab,2.28
339,GUM_7.wav,GUM_7.lab,5.62
340,GUM_8.wav,GUM_8.lab,2.23
341,GUM_9.wav,GUM_9.lab,4.14
342,Guy_1.wav,Guy_1.lab,7.5
343,Guy_2.wav,Guy_2.lab,8.41
344,Guy_3.wav,Guy_3.lab,2.7
345,Guy_4.wav,Guy_4.lab,3.84
346,Guy_5.wav,Guy_5.lab,4.92
347,Guy_6.wav,Guy_6.lab,2.83
348,Guy_7.wav,Guy_7.lab,4.84
349,Guy_8.wav,Guy_8.lab,4.88
350,Having bear ears_10.wav,Having bear ears_10.lab,4.36
351,Having bear ears_11.wav,Having bear ears_11.lab,3.1
352,Having bear ears_12.wav,Having bear ears_12.lab,2.22
353,Having bear ears_13.wav,Having bear ears_13.lab,1.74
354,Having bear ears_14.wav,Having bear ears_14.lab,6.73
355,Having bear ears_15.wav,Having bear ears_15.lab,4.37
356,Having bear ears_16.wav,Having bear ears_16.lab,7.85
357,Having bear ears_17.wav,Having bear ears_17.lab,1.41
358,Having bear ears_18.wav,Having bear ears_18.lab,2.61
359,Having bear ears_19.wav,Having bear ears_19.lab,1.56
360,Having bear ears_1.wav,Having bear ears_1.lab,3.52
361,Having bear ears_20.wav,Having bear ears_20.lab,1.59
362,Having bear ears_21.wav,Having bear ears_21.lab,2.34
363,Having bear ears_22.wav,Having bear ears_22.lab,1.74
364,Having bear ears_23.wav,Having bear ears_23.lab,2.15
365,Having bear ears_24.wav,Having bear ears_24.lab,2.77
366,Having bear ears_25.wav,Having bear ears_25.lab,1.73
367,Having bear ears_26.wav,Having bear ears_26.lab,0.87
368,Having bear ears_27.wav,Having bear ears_27.lab,3.0
369,Having bear ears_28.wav,Having bear ears_28.lab,3.65
370,Having bear ears_29.wav,Having bear ears_29.lab,2.16
371,Having bear ears_2.wav,Having bear ears_2.lab,2.45
372,Having bear ears_30.wav,Having bear ears_30.lab,5.36
373,Having bear ears_31.wav,Having bear ears_31.lab,4.51
374,Having bear ears_32.wav,Having bear ears_32.lab,5.55
375,Having bear ears_33.wav,Having bear ears_33.lab,5.72
376,Having bear ears_3.wav,Having bear ears_3.lab,5.25
377,Having bear ears_4.wav,Having bear ears_4.lab,7.55
378,Having bear ears_5.wav,Having bear ears_5.lab,4.97
379,Having bear ears_6.wav,Having bear ears_6.lab,3.93
380,Having bear ears_7.wav,Having bear ears_7.lab,2.95
381,Having bear ears_8.wav,Having bear ears_8.lab,2.81
382,Having bear ears_9.wav,Having bear ears_9.lab,15.06
383,Hooligan_10.wav,Hooligan_10.lab,3.8
384,Hooligan_11.wav,Hooligan_11.lab,3.29
385,Hooligan_12.wav,Hooligan_12.lab,1.404014
386,Hooligan_13.wav,Hooligan_13.lab,3.1
387,Hooligan_1.wav,Hooligan_1.lab,4.14
388,Hooligan_2.wav,Hooligan_2.lab,7.47
389,Hooligan_3.wav,Hooligan_3.lab,7.69
390,Hooligan_4.wav,Hooligan_4.lab,4.0
391,Hooligan_5.wav,Hooligan_5.lab,3.25
392,Hooligan_6.wav,Hooligan_6.lab,2.69
393,Hooligan_7.wav,Hooligan_7.lab,3.18
394,Hooligan_8.wav,Hooligan_8.lab,3.9
395,Hooligan_9.wav,Hooligan_9.lab,3.27
396,I am from Chukotka_10.wav,I am from Chukotka_10.lab,3.45
397,I am from Chukotka_11.wav,I am from Chukotka_11.lab,1.71
398,I am from Chukotka_12.wav,I am from Chukotka_12.lab,2.73
399,I am from Chukotka_13.wav,I am from Chukotka_13.lab,4.04
400,I am from Chukotka_14.wav,I am from Chukotka_14.lab,3.49
401,I am from Chukotka_15.wav,I am from Chukotka_15.lab,1.23
402,I am from Chukotka_16.wav,I am from Chukotka_16.lab,11.20102
403,I am from Chukotka_17.wav,I am from Chukotka_17.lab,1.96
404,I am from Chukotka_18.wav,I am from Chukotka_18.lab,4.45
405,I am from Chukotka_19.wav,I am from Chukotka_19.lab,2.66
406,I am from Chukotka_1.wav,I am from Chukotka_1.lab,5.74
407,I am from Chukotka_20.wav,I am from Chukotka_20.lab,1.19
408,I am from Chukotka_21.wav,I am from Chukotka_21.lab,5.02
409,I am from Chukotka_22.wav,I am from Chukotka_22.lab,2.11
410,I am from Chukotka_23.wav,I am from Chukotka_23.lab,2.31
411,I am from Chukotka_24.wav,I am from Chukotka_24.lab,1.45
412,I am from Chukotka_25.wav,I am from Chukotka_25.lab,2.26
413,I am from Chukotka_26.wav,I am from Chukotka_26.lab,2.41
414,I am from Chukotka_27.wav,I am from Chukotka_27.lab,3.35
415,I am from Chukotka_28.wav,I am from Chukotka_28.lab,2.26
416,I am from Chukotka_29.wav,I am from Chukotka_29.lab,4.0
417,I am from Chukotka_2.wav,I am from Chukotka_2.lab,2.11
418,I am from Chukotka_30.wav,I am from Chukotka_30.lab,3.30898
419,I am from Chukotka_3.wav,I am from Chukotka_3.lab,7.03
420,I am from Chukotka_4.wav,I am from Chukotka_4.lab,2.92
421,I am from Chukotka_5.wav,I am from Chukotka_5.lab,2.64
422,I am from Chukotka_6.wav,I am from Chukotka_6.lab,6.25
423,I am from Chukotka_7.wav,I am from Chukotka_7.lab,5.77
424,I am from Chukotka_8.wav,I am from Chukotka_8.lab,5.77
425,I am from Chukotka_9.wav,I am from Chukotka_9.lab,3.29
426,Ice Age_10.wav,Ice Age_10.lab,6.447
427,Ice Age_11.wav,Ice Age_11.lab,2.824
428,Ice Age_12.wav,Ice Age_12.lab,10.688
429,Ice Age_13.wav,Ice Age_13.lab,8.381
430,Ice Age_14.wav,Ice Age_14.lab,3.351
431,Ice Age_15.wav,Ice Age_15.lab,14.899
432,Ice Age_16.wav,Ice Age_16.lab,6.548
433,Ice Age_1.wav,Ice Age_1.lab,7.744
434,Ice Age_2.wav,Ice Age_2.lab,5.851
435,Ice Age_3.wav,Ice Age_3.lab,9.946
436,Ice Age_4.wav,Ice Age_4.lab,1.156
437,Ice Age_5.wav,Ice Age_5.lab,13.505
438,Ice Age_6.wav,Ice Age_6.lab,3.957
439,Ice Age_7.wav,Ice Age_7.lab,8.077
440,Ice Age_8.wav,Ice Age_8.lab,1.072
441,Ice Age_9.wav,Ice Age_9.lab,6.162
442,Incident_1.wav,Incident_1.lab,6.07
443,Incident_2.wav,Incident_2.lab,10.984989
444,Incident_3.wav,Incident_3.lab,5.665011
445,Incident_4.wav,Incident_4.lab,5.704989
446,In the evening_1.wav,In the evening_1.lab,4.46
447,In the evening_2.wav,In the evening_2.lab,2.04
448,In the evening_3.wav,In the evening_3.lab,0.936984
449,In the evening_4.wav,In the evening_4.lab,0.923016
450,In the evening_5.wav,In the evening_5.lab,3.324989
451,In the evening_6.wav,In the evening_6.lab,1.740998
452,In the evening_7.wav,In the evening_7.lab,1.994014
453,In the tracks of a gadfly_1.wav,In the tracks of a gadfly_1.lab,2.59
454,In the tracks of a gadfly_2.wav,In the tracks of a gadfly_2.lab,2.93
455,In the tracks of a gadfly_3.wav,In the tracks of a gadfly_3.lab,2.91
456,Katyusha_1.wav,Katyusha_1.lab,10.45
457,Katyusha_2.wav,Katyusha_2.lab,8.23
458,Katyusha_3.wav,Katyusha_3.lab,2.57
459,Katyusha_4.wav,Katyusha_4.lab,2.85
460,Katyusha_5.wav,Katyusha_5.lab,8.28
461,Kettle_10.wav,Kettle_10.lab,2.47
462,Kettle_11.wav,Kettle_11.lab,9.985
463,Kettle_12.wav,Kettle_12.lab,3.203
464,Kettle_13.wav,Kettle_13.lab,1.574
465,Kettle_14.wav,Kettle_14.lab,3.49
466,Kettle_15.wav,Kettle_15.lab,1.11
467,Kettle_16.wav,Kettle_16.lab,4.014
468,Kettle_17.wav,Kettle_17.lab,2.2
469,Kettle_18.wav,Kettle_18.lab,1.477
470,Kettle_19.wav,Kettle_19.lab,5.195
471,Kettle_1.wav,Kettle_1.lab,6.9
472,Kettle_20.wav,Kettle_20.lab,3.58
473,Kettle_21.wav,Kettle_21.lab,3.53
474,Kettle_22.wav,Kettle_22.lab,2.513
475,Kettle_23.wav,Kettle_23.lab,8.189
476,Kettle_24.wav,Kettle_24.lab,2.133
477,Kettle_25.wav,Kettle_25.lab,4.162
478,Kettle_26.wav,Kettle_26.lab,1.143
479,Kettle_27.wav,Kettle_27.lab,6.262
480,Kettle_28.wav,Kettle_28.lab,3.434
481,Kettle_29.wav,Kettle_29.lab,1.634
482,Kettle_2.wav,Kettle_2.lab,3.8
483,Kettle_30.wav,Kettle_30.lab,2.496
484,Kettle_31.wav,Kettle_31.lab,3.893
485,Kettle_32.wav,Kettle_32.lab,2.02
486,Kettle_33.wav,Kettle_33.lab,4.18
487,Kettle_34.wav,Kettle_34.lab,5.768
488,Kettle_35.wav,Kettle_35.lab,2.761
489,Kettle_36.wav,Kettle_36.lab,1.96
490,Kettle_37.wav,Kettle_37.lab,4.638
491,Kettle_3.wav,Kettle_3.lab,3.79
492,Kettle_4.wav,Kettle_4.lab,3.67
493,Kettle_5.wav,Kettle_5.lab,3.59
494,Kettle_6.wav,Kettle_6.lab,1.55
495,Kettle_7.wav,Kettle_7.lab,6.39
496,Kettle_8.wav,Kettle_8.lab,7.9
497,Kettle_9.wav,Kettle_9.lab,2.67
498,Knives_10.wav,Knives_10.lab,5.0
499,Knives_11.wav,Knives_11.lab,5.315
500,Knives_12.wav,Knives_12.lab,2.0
501,Knives_13.wav,Knives_13.lab,2.5
502,Knives_14.wav,Knives_14.lab,4.6
503,Knives_15.wav,Knives_15.lab,5.117
504,Knives_16.wav,Knives_16.lab,6.1
505,Knives_17.wav,Knives_17.lab,2.6
506,Knives_18.wav,Knives_18.lab,6.6
507,Knives_19.wav,Knives_19.lab,2.8
508,Knives_1.wav,Knives_1.lab,6.322
509,Knives_20.wav,Knives_20.lab,3.4
510,Knives_21.wav,Knives_21.lab,2.0
511,Knives_22.wav,Knives_22.lab,3.8
512,Knives_23.wav,Knives_23.lab,3.831
513,Knives_2.wav,Knives_2.lab,2.6
514,Knives_3.wav,Knives_3.lab,4.07
515,Knives_4.wav,Knives_4.lab,4.84
516,Knives_5.wav,Knives_5.lab,1.2
517,Knives_6.wav,Knives_6.lab,5.02
518,Knives_7.wav,Knives_7.lab,0.6
519,Knives_8.wav,Knives_8.lab,3.1
520,Knives_9.wav,Knives_9.lab,5.61
521,Komsomolets_10.wav,Komsomolets_10.lab,3.99
522,Komsomolets_11.wav,Komsomolets_11.lab,1.49
523,Komsomolets_1.wav,Komsomolets_1.lab,3.42
524,Komsomolets_2.wav,Komsomolets_2.lab,3.36
525,Komsomolets_3.wav,Komsomolets_3.lab,6.26
526,Komsomolets_4.wav,Komsomolets_4.lab,1.84
527,Komsomolets_5.wav,Komsomolets_5.lab,5.29
528,Komsomolets_6.wav,Komsomolets_6.lab,4.21
529,Komsomolets_7.wav,Komsomolets_7.lab,3.49
530,Komsomolets_8.wav,Komsomolets_8.lab,4.38
531,Komsomolets_9.wav,Komsomolets_9.lab,4.08
532,Komsomolets (again)_10.wav,Komsomolets (again)_10.lab,3.825
533,Komsomolets (again)_11.wav,Komsomolets (again)_11.lab,1.84
534,Komsomolets (again)_12.wav,Komsomolets (again)_12.lab,4.71
535,Komsomolets (again)_1.wav,Komsomolets (again)_1.lab,3.8
536,Komsomolets (again)_2.wav,Komsomolets (again)_2.lab,3.09
537,Komsomolets (again)_3.wav,Komsomolets (again)_3.lab,2.97
538,Komsomolets (again)_4.wav,Komsomolets (again)_4.lab,2.18
539,Komsomolets (again)_5.wav,Komsomolets (again)_5.lab,3.45
540,Komsomolets (again)_6.wav,Komsomolets (again)_6.lab,3.76
541,Komsomolets (again)_7.wav,Komsomolets (again)_7.lab,4.69
542,Komsomolets (again)_8.wav,Komsomolets (again)_8.lab,2.665
543,Komsomolets (again)_9.wav,Komsomolets (again)_9.lab,3.63
544,Larvae_10.wav,Larvae_10.lab,3.44
545,Larvae_11.wav,Larvae_11.lab,1.51
546,Larvae_12.wav,Larvae_12.lab,4.71
547,Larvae_13.wav,Larvae_13.lab,3.14
548,Larvae_14.wav,Larvae_14.lab,6.16
549,Larvae_15.wav,Larvae_15.lab,3.22
550,Larvae_16.wav,Larvae_16.lab,4.9
551,Larvae_17.wav,Larvae_17.lab,4.18
552,Larvae_18.wav,Larvae_18.lab,0.52
553,Larvae_19.wav,Larvae_19.lab,6.51
554,Larvae_1.wav,Larvae_1.lab,1.83
555,Larvae_20.wav,Larvae_20.lab,0.63
556,Larvae_21.wav,Larvae_21.lab,2.16
557,Larvae_2.wav,Larvae_2.lab,6.47
558,Larvae_3.wav,Larvae_3.lab,2.17
559,Larvae_4.wav,Larvae_4.lab,6.72
560,Larvae_5.wav,Larvae_5.lab,2.42
561,Larvae_6.wav,Larvae_6.lab,4.19
562,Larvae_7.wav,Larvae_7.lab,2.72
563,Larvae_8.wav,Larvae_8.lab,2.05
564,Larvae_9.wav,Larvae_9.lab,2.35
565,Let’s go wash to Egvekinot_10.wav,Let’s go wash to Egvekinot_10.lab,4.17
566,Let’s go wash to Egvekinot_11.wav,Let’s go wash to Egvekinot_11.lab,6.97
567,Let’s go wash to Egvekinot_12.wav,Let’s go wash to Egvekinot_12.lab,10.36
568,Let’s go wash to Egvekinot_13.wav,Let’s go wash to Egvekinot_13.lab,9.15
569,Let’s go wash to Egvekinot_14.wav,Let’s go wash to Egvekinot_14.lab,3.06
570,Let’s go wash to Egvekinot_15.wav,Let’s go wash to Egvekinot_15.lab,2.32
571,Let’s go wash to Egvekinot_16.wav,Let’s go wash to Egvekinot_16.lab,7.7
572,Let’s go wash to Egvekinot_17.wav,Let’s go wash to Egvekinot_17.lab,5.07
573,Let’s go wash to Egvekinot_18.wav,Let’s go wash to Egvekinot_18.lab,2.68
574,Let’s go wash to Egvekinot_19.wav,Let’s go wash to Egvekinot_19.lab,1.227007
575,Let’s go wash to Egvekinot_1.wav,Let’s go wash to Egvekinot_1.lab,4.66
576,Let’s go wash to Egvekinot_2.wav,Let’s go wash to Egvekinot_2.lab,5.37
577,Let’s go wash to Egvekinot_3.wav,Let’s go wash to Egvekinot_3.lab,5.09
578,Let’s go wash to Egvekinot_4.wav,Let’s go wash to Egvekinot_4.lab,5.43
579,Let’s go wash to Egvekinot_5.wav,Let’s go wash to Egvekinot_5.lab,10.87
580,Let’s go wash to Egvekinot_6.wav,Let’s go wash to Egvekinot_6.lab,1.41
581,Let’s go wash to Egvekinot_7.wav,Let’s go wash to Egvekinot_7.lab,4.17
582,Let’s go wash to Egvekinot_8.wav,Let’s go wash to Egvekinot_8.lab,8.55
583,Let’s go wash to Egvekinot_9.wav,Let’s go wash to Egvekinot_9.lab,1.77
584,Life_1.wav,Life_1.lab,5.88
585,Life_2.wav,Life_2.lab,10.133016
586,Life_3.wav,Life_3.lab,3.737982
587,Life_4.wav,Life_4.lab,4.966009
588,Life_5.wav,Life_5.lab,2.154014
589,Life_6.wav,Life_6.lab,2.042993
590,Life_7.wav,Life_7.lab,3.138005
591,Money_10.wav,Money_10.lab,2.79
592,Money_11.wav,Money_11.lab,3.12
593,Money_12.wav,Money_12.lab,3.64
594,Money_13.wav,Money_13.lab,5.57
595,Money_14.wav,Money_14.lab,5.7
596,Money_1.wav,Money_1.lab,3.54
597,Money_2.wav,Money_2.lab,5.67
598,Money_3.wav,Money_3.lab,2.44
599,Money_4.wav,Money_4.lab,2.98
600,Money_5.wav,Money_5.lab,3.08
601,Money_6.wav,Money_6.lab,2.25
602,Money_7.wav,Money_7.lab,3.64
603,Money_8.wav,Money_8.lab,2.49
604,Money_9.wav,Money_9.lab,3.7
605,Mother_10.wav,Mother_10.lab,7.656009
606,Mother_11.wav,Mother_11.lab,12.687007
607,Mother_12.wav,Mother_12.lab,8.780998
608,Mother_13.wav,Mother_13.lab,6.157007
609,Mother_14.wav,Mother_14.lab,7.245986
610,Mother_1.wav,Mother_1.lab,9.406009
611,Mother_2.wav,Mother_2.lab,6.560998
612,Mother_3.wav,Mother_3.lab,4.453016
613,Mother_4.wav,Mother_4.lab,10.780998
614,Mother_5.wav,Mother_5.lab,5.578005
615,Mother_6.wav,Mother_6.lab,5.655986
616,Mother_7.wav,Mother_7.lab,5.561995
617,Mother_8.wav,Mother_8.lab,16.844014
618,Mother_9.wav,Mother_9.lab,3.983991
619,Muscovite woman_1.wav,Muscovite woman_1.lab,4.145011
620,Muscovite woman_2.wav,Muscovite woman_2.lab,3.658005
621,Muscovite woman_3.wav,Muscovite woman_3.lab,1.4
622,Muscovite woman_4.wav,Muscovite woman_4.lab,2.054989
623,Muscovite woman_5.wav,Muscovite woman_5.lab,2.954014
624,Muscovite woman_6.wav,Muscovite woman_6.lab,2.23
625,Muscovite woman_7.wav,Muscovite woman_7.lab,2.955986
626,Mushrooming with Pauline_1.wav,Mushrooming with Pauline_1.lab,5.12
627,Mushrooming with Pauline_2.wav,Mushrooming with Pauline_2.lab,3.182993
628,Mushrooming with Pauline_3.wav,Mushrooming with Pauline_3.lab,3.173016
629,Mushrooming with Pauline_4.wav,Mushrooming with Pauline_4.lab,9.31
630,Mushrooming with Pauline_5.wav,Mushrooming with Pauline_5.lab,18.138005
631,Mushrooming with Pauline_6.wav,Mushrooming with Pauline_6.lab,3.85
632,Mushrooming with Pauline_7.wav,Mushrooming with Pauline_7.lab,6.830998
633,Mushrooms_1.wav,Mushrooms_1.lab,11.45
634,Mushrooms_2.wav,Mushrooms_2.lab,6.76
635,Mushrooms_3.wav,Mushrooms_3.lab,2.41
636,Mushrooms_4.wav,Mushrooms_4.lab,3.75
637,Mushrooms_5.wav,Mushrooms_5.lab,5.06
638,Mushrooms_6.wav,Mushrooms_6.lab,2.53
639,Mushrooms_7.wav,Mushrooms_7.lab,2.05
640,Mushrooms_8.wav,Mushrooms_8.lab,2.44
641,Mushrooms_9.wav,Mushrooms_9.lab,1.19
642,Not eating larvae_10.wav,Not eating larvae_10.lab,3.96
643,Not eating larvae_11.wav,Not eating larvae_11.lab,1.76
644,Not eating larvae_12.wav,Not eating larvae_12.lab,7.87
645,Not eating larvae_13.wav,Not eating larvae_13.lab,5.01
646,Not eating larvae_14.wav,Not eating larvae_14.lab,8.76
647,Not eating larvae_15.wav,Not eating larvae_15.lab,3.39
648,Not eating larvae_16.wav,Not eating larvae_16.lab,1.41
649,Not eating larvae_17.wav,Not eating larvae_17.lab,4.645011
650,Not eating larvae_18.wav,Not eating larvae_18.lab,3.1
651,Not eating larvae_19.wav,Not eating larvae_19.lab,3.69
652,Not eating larvae_1.wav,Not eating larvae_1.lab,4.13
653,Not eating larvae_20.wav,Not eating larvae_20.lab,3.25
654,Not eating larvae_21.wav,Not eating larvae_21.lab,6.95
655,Not eating larvae_22.wav,Not eating larvae_22.lab,1.8
656,Not eating larvae_23.wav,Not eating larvae_23.lab,5.4
657,Not eating larvae_24.wav,Not eating larvae_24.lab,12.64
658,Not eating larvae_25.wav,Not eating larvae_25.lab,3.16
659,Not eating larvae_26.wav,Not eating larvae_26.lab,1.82
660,Not eating larvae_27.wav,Not eating larvae_27.lab,2.71
661,Not eating larvae_28.wav,Not eating larvae_28.lab,6.39
662,Not eating larvae_29.wav,Not eating larvae_29.lab,2.3
663,Not eating larvae_2.wav,Not eating larvae_2.lab,11.52
664,Not eating larvae_30.wav,Not eating larvae_30.lab,5.45
665,Not eating larvae_31.wav,Not eating larvae_31.lab,9.77
666,Not eating larvae_32.wav,Not eating larvae_32.lab,2.0
667,Not eating larvae_33.wav,Not eating larvae_33.lab,2.84
668,Not eating larvae_34.wav,Not eating larvae_34.lab,3.54
669,Not eating larvae_35.wav,Not eating larvae_35.lab,1.22
670,Not eating larvae_36.wav,Not eating larvae_36.lab,6.46
671,Not eating larvae_37.wav,Not eating larvae_37.lab,1.79
672,Not eating larvae_38.wav,Not eating larvae_38.lab,2.13
673,Not eating larvae_39.wav,Not eating larvae_39.lab,1.01
674,Not eating larvae_3.wav,Not eating larvae_3.lab,4.26
675,Not eating larvae_40.wav,Not eating larvae_40.lab,1.04
676,Not eating larvae_41.wav,Not eating larvae_41.lab,0.65
677,Not eating larvae_42.wav,Not eating larvae_42.lab,1.6
678,Not eating larvae_43.wav,Not eating larvae_43.lab,2.83
679,Not eating larvae_44.wav,Not eating larvae_44.lab,4.61
680,Not eating larvae_45.wav,Not eating larvae_45.lab,2.14
681,Not eating larvae_46.wav,Not eating larvae_46.lab,1.82
682,Not eating larvae_47.wav,Not eating larvae_47.lab,3.05
683,Not eating larvae_48.wav,Not eating larvae_48.lab,5.29
684,Not eating larvae_49.wav,Not eating larvae_49.lab,3.49
685,Not eating larvae_4.wav,Not eating larvae_4.lab,1.18
686,Not eating larvae_50.wav,Not eating larvae_50.lab,1.34
687,Not eating larvae_51.wav,Not eating larvae_51.lab,3.77
688,Not eating larvae_52.wav,Not eating larvae_52.lab,8.5
689,Not eating larvae_53.wav,Not eating larvae_53.lab,1.25
690,Not eating larvae_5.wav,Not eating larvae_5.lab,2.29
691,Not eating larvae_6.wav,Not eating larvae_6.lab,4.54
692,Not eating larvae_7.wav,Not eating larvae_7.lab,5.13
693,Not eating larvae_8.wav,Not eating larvae_8.lab,3.69
694,Not eating larvae_9.wav,Not eating larvae_9.lab,4.8
695,On a daily basis_10.wav,On a daily basis_10.lab,1.22
696,On a daily basis_11.wav,On a daily basis_11.lab,13.43
697,On a daily basis_12.wav,On a daily basis_12.lab,1.22
698,On a daily basis_13.wav,On a daily basis_13.lab,7.3
699,On a daily basis_14.wav,On a daily basis_14.lab,14.55
700,On a daily basis_15.wav,On a daily basis_15.lab,3.7
701,On a daily basis_16.wav,On a daily basis_16.lab,2.53
702,On a daily basis_17.wav,On a daily basis_17.lab,2.53
703,On a daily basis_18.wav,On a daily basis_18.lab,7.32
704,On a daily basis_19.wav,On a daily basis_19.lab,7.47
705,On a daily basis_1.wav,On a daily basis_1.lab,1.94
706,On a daily basis_20.wav,On a daily basis_20.lab,1.97
707,On a daily basis_21.wav,On a daily basis_21.lab,3.38
708,On a daily basis_22.wav,On a daily basis_22.lab,1.9
709,On a daily basis_23.wav,On a daily basis_23.lab,2.07
710,On a daily basis_24.wav,On a daily basis_24.lab,12.69
711,On a daily basis_25.wav,On a daily basis_25.lab,4.84
712,On a daily basis_26.wav,On a daily basis_26.lab,7.38
713,On a daily basis_2.wav,On a daily basis_2.lab,1.76
714,On a daily basis_3.wav,On a daily basis_3.lab,8.62
715,On a daily basis_4.wav,On a daily basis_4.lab,1.92
716,On a daily basis_5.wav,On a daily basis_5.lab,1.23
717,On a daily basis_6.wav,On a daily basis_6.lab,2.95
718,On a daily basis_7.wav,On a daily basis_7.lab,1.38
719,On a daily basis_8.wav,On a daily basis_8.lab,4.78
720,On a daily basis_9.wav,On a daily basis_9.lab,6.64
721,Parents_1.wav,Parents_1.lab,8.466
722,Parents_2.wav,Parents_2.lab,13.0
723,Parents_3.wav,Parents_3.lab,12.0
724,Parents_4.wav,Parents_4.lab,14.434
725,Parents_5.wav,Parents_5.lab,6.5
726,Parents_6.wav,Parents_6.lab,1.533
727,Public baths_1.wav,Public baths_1.lab,5.58
728,Public baths_2.wav,Public baths_2.lab,3.71
729,Public baths_3.wav,Public baths_3.lab,6.325011
730,Public baths_4.wav,Public baths_4.lab,6.605011
731,Public baths_5.wav,Public baths_5.lab,3.805011
732,Raven and fox_10.wav,Raven and fox_10.lab,4.56
733,Raven and fox_11.wav,Raven and fox_11.lab,15.72
734,Raven and fox_12.wav,Raven and fox_12.lab,4.37
735,Raven and fox_13.wav,Raven and fox_13.lab,3.17
736,Raven and fox_14.wav,Raven and fox_14.lab,6.99
737,Raven and fox_15.wav,Raven and fox_15.lab,1.55
738,Raven and fox_16.wav,Raven and fox_16.lab,2.92
739,Raven and fox_17.wav,Raven and fox_17.lab,3.91
740,Raven and fox_18.wav,Raven and fox_18.lab,1.46
741,Raven and fox_19.wav,Raven and fox_19.lab,2.19
742,Raven and fox_1.wav,Raven and fox_1.lab,2.834014
743,Raven and fox_20.wav,Raven and fox_20.lab,1.34
744,Raven and fox_21.wav,Raven and fox_21.lab,1.87
745,Raven and fox_22.wav,Raven and fox_22.lab,1.57
746,Raven and fox_23.wav,Raven and fox_23.lab,1.31
747,Raven and fox_24.wav,Raven and fox_24.lab,5.67
748,Raven and fox_25.wav,Raven and fox_25.lab,1.11
749,Raven and fox_26.wav,Raven and fox_26.lab,2.14
750,Raven and fox_27.wav,Raven and fox_27.lab,1.153016
751,Raven and fox_28.wav,Raven and fox_28.lab,2.29
752,Raven and fox_29.wav,Raven and fox_29.lab,5.87
753,Raven and fox_2.wav,Raven and fox_2.lab,2.57
754,Raven and fox_30.wav,Raven and fox_30.lab,5.1
755,Raven and fox_31.wav,Raven and fox_31.lab,1.78
756,Raven and fox_32.wav,Raven and fox_32.lab,1.14
757,Raven and fox_33.wav,Raven and fox_33.lab,2.53
758,Raven and fox_34.wav,Raven and fox_34.lab,3.12
759,Raven and fox_35.wav,Raven and fox_35.lab,7.42
760,Raven and fox_36.wav,Raven and fox_36.lab,1.8
761,Raven and fox_37.wav,Raven and fox_37.lab,1.29
762,Raven and fox_38.wav,Raven and fox_38.lab,3.34
763,Raven and fox_39.wav,Raven and fox_39.lab,1.92
764,Raven and fox_3.wav,Raven and fox_3.lab,1.86
765,Raven and fox_40.wav,Raven and fox_40.lab,2.32
766,Raven and fox_4.wav,Raven and fox_4.lab,9.07
767,Raven and fox_5.wav,Raven and fox_5.lab,2.875011
768,Raven and fox_6.wav,Raven and fox_6.lab,2.305011
769,Raven and fox_7.wav,Raven and fox_7.lab,1.174989
770,Raven and fox_8.wav,Raven and fox_8.lab,3.995011
771,Raven and fox_9.wav,Raven and fox_9.lab,5.995011
772,Running Pauline_1.wav,Running Pauline_1.lab,3.211995
773,Running Pauline_2.wav,Running Pauline_2.lab,8.44
774,Running Pauline_3.wav,Running Pauline_3.lab,2.497007
775,Shaman_10.wav,Shaman_10.lab,1.376
776,Shaman_11.wav,Shaman_11.lab,3.604
777,Shaman_12.wav,Shaman_12.lab,2.977
778,Shaman_13.wav,Shaman_13.lab,2.926
779,Shaman_14.wav,Shaman_14.lab,2.082
780,Shaman_15.wav,Shaman_15.lab,3.256
781,Shaman_16.wav,Shaman_16.lab,5.084
782,Shaman_17.wav,Shaman_17.lab,3.024
783,Shaman_18.wav,Shaman_18.lab,4.099
784,Shaman_19.wav,Shaman_19.lab,3.741
785,Shaman_1.wav,Shaman_1.lab,7.658
786,Shaman_20.wav,Shaman_20.lab,1.827
787,Shaman_21.wav,Shaman_21.lab,10.965
788,Shaman_22.wav,Shaman_22.lab,6.259
789,Shaman_23.wav,Shaman_23.lab,10.161
790,Shaman_24.wav,Shaman_24.lab,2.084
791,Shaman_25.wav,Shaman_25.lab,4.15
792,Shaman_2.wav,Shaman_2.lab,2.263
793,Shaman_3.wav,Shaman_3.lab,7.462
794,Shaman_4.wav,Shaman_4.lab,1.037
795,Shaman_5.wav,Shaman_5.lab,3.887
796,Shaman_6.wav,Shaman_6.lab,1.302
797,Shaman_7.wav,Shaman_7.lab,12.011
798,Shaman_8.wav,Shaman_8.lab,2.942
799,Shaman_9.wav,Shaman_9.lab,11.8
800,Stud buck reindeer_10.wav,Stud buck reindeer_10.lab,3.570998
801,Stud buck reindeer_11.wav,Stud buck reindeer_11.lab,6.644989
802,Stud buck reindeer_1.wav,Stud buck reindeer_1.lab,4.397007
803,Stud buck reindeer_2.wav,Stud buck reindeer_2.lab,7.2
804,Stud buck reindeer_3.wav,Stud buck reindeer_3.lab,2.81
805,Stud buck reindeer_4.wav,Stud buck reindeer_4.lab,7.982018
806,Stud buck reindeer_5.wav,Stud buck reindeer_5.lab,9.440998
807,Stud buck reindeer_6.wav,Stud buck reindeer_6.lab,10.885011
808,Stud buck reindeer_7.wav,Stud buck reindeer_7.lab,6.058005
809,Stud buck reindeer_8.wav,Stud buck reindeer_8.lab,1.08
810,Stud buck reindeer_9.wav,Stud buck reindeer_9.lab,5.866984
811,Telyopka_10.wav,Telyopka_10.lab,2.79
812,Telyopka_11.wav,Telyopka_11.lab,5.52
813,Telyopka_12.wav,Telyopka_12.lab,6.38
814,Telyopka_13.wav,Telyopka_13.lab,5.51
815,Telyopka_14.wav,Telyopka_14.lab,9.5
816,Telyopka_15.wav,Telyopka_15.lab,2.77
817,Telyopka_16.wav,Telyopka_16.lab,3.5
818,Telyopka_17.wav,Telyopka_17.lab,5.3
819,Telyopka_18.wav,Telyopka_18.lab,3.59
820,Telyopka_19.wav,Telyopka_19.lab,4.5
821,Telyopka_1.wav,Telyopka_1.lab,4.99
822,Telyopka_20.wav,Telyopka_20.lab,6.11
823,Telyopka_21.wav,Telyopka_21.lab,4.89
824,Telyopka_22.wav,Telyopka_22.lab,2.0
825,Telyopka_23.wav,Telyopka_23.lab,1.8
826,Telyopka_24.wav,Telyopka_24.lab,1.46
827,Telyopka_25.wav,Telyopka_25.lab,1.21
828,Telyopka_26.wav,Telyopka_26.lab,1.63
829,Telyopka_27.wav,Telyopka_27.lab,1.39
830,Telyopka_28.wav,Telyopka_28.lab,2.37
831,Telyopka_29.wav,Telyopka_29.lab,1.934989
832,Telyopka_2.wav,Telyopka_2.lab,5.36
833,Telyopka_30.wav,Telyopka_30.lab,1.14
834,Telyopka_3.wav,Telyopka_3.lab,8.14
835,Telyopka_4.wav,Telyopka_4.lab,3.09
836,Telyopka_5.wav,Telyopka_5.lab,3.233991
837,Telyopka_6.wav,Telyopka_6.lab,6.08
838,Telyopka_7.wav,Telyopka_7.lab,5.44
839,Telyopka_8.wav,Telyopka_8.lab,5.61
840,Telyopka_9.wav,Telyopka_9.lab,7.92
841,Tent_1.wav,Tent_1.lab,8.600998
842,Tent_2.wav,Tent_2.lab,3.66
843,Tent_3.wav,Tent_3.lab,3.938005
844,Tent_4.wav,Tent_4.lab,3.14
845,Tent_5.wav,Tent_5.lab,2.5
846,Tent_6.wav,Tent_6.lab,1.17
847,Tent_7.wav,Tent_7.lab,13.4
848,Tent_8.wav,Tent_8.lab,0.91
849,Tenylqot and Eqelqot_1.wav,Tenylqot and Eqelqot_1.lab,3.4
850,Tenylqot and Eqelqot_2.wav,Tenylqot and Eqelqot_2.lab,2.87
851,Tenylqot and Eqelqot_3.wav,Tenylqot and Eqelqot_3.lab,3.56
852,Tenylqot and Eqelqot_4.wav,Tenylqot and Eqelqot_4.lab,3.27
853,The day before yesterday_10.wav,The day before yesterday_10.lab,4.22
854,The day before yesterday_1.wav,The day before yesterday_1.lab,5.45
855,The day before yesterday_2.wav,The day before yesterday_2.lab,0.14
856,The day before yesterday_3.wav,The day before yesterday_3.lab,0.56
857,The day before yesterday_4.wav,The day before yesterday_4.lab,16.04
858,The day before yesterday_5.wav,The day before yesterday_5.lab,5.7
859,The day before yesterday_6.wav,The day before yesterday_6.lab,4.54
860,The day before yesterday_7.wav,The day before yesterday_7.lab,4.83
861,The day before yesterday_8.wav,The day before yesterday_8.lab,2.88
862,The day before yesterday_9.wav,The day before yesterday_9.lab,3.52
863,The Eskimo is fishing_10.wav,The Eskimo is fishing_10.lab,3.26
864,The Eskimo is fishing_11.wav,The Eskimo is fishing_11.lab,2.140998
865,The Eskimo is fishing_12.wav,The Eskimo is fishing_12.lab,1.605986
866,The Eskimo is fishing_13.wav,The Eskimo is fishing_13.lab,2.562993
867,The Eskimo is fishing_14.wav,The Eskimo is fishing_14.lab,2.365986
868,The Eskimo is fishing_15.wav,The Eskimo is fishing_15.lab,4.330998
869,The Eskimo is fishing_16.wav,The Eskimo is fishing_16.lab,2.703991
870,The Eskimo is fishing_17.wav,The Eskimo is fishing_17.lab,1.703991
871,The Eskimo is fishing_18.wav,The Eskimo is fishing_18.lab,2.157007
872,The Eskimo is fishing_19.wav,The Eskimo is fishing_19.lab,1.842993
873,The Eskimo is fishing_1.wav,The Eskimo is fishing_1.lab,2.96
874,The Eskimo is fishing_2.wav,The Eskimo is fishing_2.lab,8.6
875,The Eskimo is fishing_3.wav,The Eskimo is fishing_3.lab,6.125986
876,The Eskimo is fishing_4.wav,The Eskimo is fishing_4.lab,4.267007
877,The Eskimo is fishing_5.wav,The Eskimo is fishing_5.lab,3.591995
878,The Eskimo is fishing_6.wav,The Eskimo is fishing_6.lab,1.224989
879,The Eskimo is fishing_7.wav,The Eskimo is fishing_7.lab,3.845011
880,The Eskimo is fishing_8.wav,The Eskimo is fishing_8.lab,1.718005
881,The Eskimo is fishing_9.wav,The Eskimo is fishing_9.lab,1.19
882,The race to death_10.wav,The race to death_10.lab,2.294989
883,The race to death_1.wav,The race to death_1.lab,5.6
884,The race to death_2.wav,The race to death_2.lab,6.89
885,The race to death_3.wav,The race to death_3.lab,4.36
886,The race to death_4.wav,The race to death_4.lab,5.35
887,The race to death_5.wav,The race to death_5.lab,4.93
888,The race to death_6.wav,The race to death_6.lab,3.85
889,The race to death_7.wav,The race to death_7.lab,2.84
890,The race to death_8.wav,The race to death_8.lab,5.604989
891,The race to death_9.wav,The race to death_9.lab,6.48
892,Tongue-twister_1.wav,Tongue-twister_1.lab,5.62898
893,Transhumance_10.wav,Transhumance_10.lab,2.9
894,Transhumance_11.wav,Transhumance_11.lab,3.966
895,Transhumance_12.wav,Transhumance_12.lab,2.724
896,Transhumance_13.wav,Transhumance_13.lab,8.249
897,Transhumance_14.wav,Transhumance_14.lab,16.091
898,Transhumance_15.wav,Transhumance_15.lab,18.444
899,Transhumance_16.wav,Transhumance_16.lab,3.228
900,Transhumance_17.wav,Transhumance_17.lab,2.182
901,Transhumance_18.wav,Transhumance_18.lab,4.386
902,Transhumance_19.wav,Transhumance_19.lab,5.636
903,Transhumance_1.wav,Transhumance_1.lab,3.617
904,Transhumance_20.wav,Transhumance_20.lab,4.75
905,Transhumance_21.wav,Transhumance_21.lab,7.529
906,Transhumance_22.wav,Transhumance_22.lab,15.825
907,Transhumance_23.wav,Transhumance_23.lab,7.084
908,Transhumance_24.wav,Transhumance_24.lab,5.932
909,Transhumance_25.wav,Transhumance_25.lab,7.705
910,Transhumance_26.wav,Transhumance_26.lab,5.672
911,Transhumance_27.wav,Transhumance_27.lab,1.487
912,Transhumance_28.wav,Transhumance_28.lab,7.614
913,Transhumance_29.wav,Transhumance_29.lab,2.546
914,Transhumance_2.wav,Transhumance_2.lab,2.169
915,Transhumance_3.wav,Transhumance_3.lab,11.81
916,Transhumance_4.wav,Transhumance_4.lab,3.1
917,Transhumance_5.wav,Transhumance_5.lab,1.26
918,Transhumance_6.wav,Transhumance_6.lab,6.552
919,Transhumance_7.wav,Transhumance_7.lab,6.798
920,Transhumance_8.wav,Transhumance_8.lab,4.4
921,Transhumance_9.wav,Transhumance_9.lab,2.2
922,Vacation_10.wav,Vacation_10.lab,11.14
923,Vacation_11.wav,Vacation_11.lab,3.0
924,Vacation_12.wav,Vacation_12.lab,3.21
925,Vacation_13.wav,Vacation_13.lab,8.25
926,Vacation_14.wav,Vacation_14.lab,5.14
927,Vacation_15.wav,Vacation_15.lab,11.74
928,Vacation_16.wav,Vacation_16.lab,7.34
929,Vacation_17.wav,Vacation_17.lab,3.73
930,Vacation_18.wav,Vacation_18.lab,5.16
931,Vacation_19.wav,Vacation_19.lab,0.74
932,Vacation_1.wav,Vacation_1.lab,6.68
933,Vacation_2.wav,Vacation_2.lab,11.54
934,Vacation_3.wav,Vacation_3.lab,6.54
935,Vacation_4.wav,Vacation_4.lab,5.78
936,Vacation_5.wav,Vacation_5.lab,7.5
937,Vacation_6.wav,Vacation_6.lab,10.8
938,Vacation_7.wav,Vacation_7.lab,5.88
939,Vacation_8.wav,Vacation_8.lab,7.98
940,Vacation_9.wav,Vacation_9.lab,9.782
941,Walk_10.wav,Walk_10.lab,2.253991
942,Walk_11.wav,Walk_11.lab,8.52
943,Walk_12.wav,Walk_12.lab,3.080998
944,Walk_13.wav,Walk_13.lab,4.972018
945,Walk_14.wav,Walk_14.lab,14.520998
946,Walk_15.wav,Walk_15.lab,3.065986
947,Walk_16.wav,Walk_16.lab,5.316984
948,Walk_17.wav,Walk_17.lab,5.33
949,Walk_18.wav,Walk_18.lab,1.020998
950,Walk_1.wav,Walk_1.lab,3.34
951,Walk_2.wav,Walk_2.lab,4.17
952,Walk_3.wav,Walk_3.lab,7.955011
953,Walk_4.wav,Walk_4.lab,3.73
954,Walk_5.wav,Walk_5.lab,7.984989
955,Walk_6.wav,Walk_6.lab,2.23
956,Walk_7.wav,Walk_7.lab,10.426984
957,Walk_8.wav,Walk_8.lab,4.423016
958,Walk_9.wav,Walk_9.lab,4.559002
959,Water cart_10.wav,Water cart_10.lab,2.03
960,Water cart_11.wav,Water cart_11.lab,2.23
961,Water cart_12.wav,Water cart_12.lab,3.82
962,Water cart_13.wav,Water cart_13.lab,5.0
963,Water cart_14.wav,Water cart_14.lab,8.26
964,Water cart_15.wav,Water cart_15.lab,4.06
965,Water cart_16.wav,Water cart_16.lab,3.21
966,Water cart_17.wav,Water cart_17.lab,2.3
967,Water cart_18.wav,Water cart_18.lab,1.65
968,Water cart_19.wav,Water cart_19.lab,1.17
969,Water cart_1.wav,Water cart_1.lab,5.99
970,Water cart_20.wav,Water cart_20.lab,2.585986
971,Water cart_21.wav,Water cart_21.lab,2.054989
972,Water cart_22.wav,Water cart_22.lab,2.215011
973,Water cart_23.wav,Water cart_23.lab,1.32
974,Water cart_24.wav,Water cart_24.lab,2.16
975,Water cart_25.wav,Water cart_25.lab,5.35
976,Water cart_26.wav,Water cart_26.lab,3.34
977,Water cart_27.wav,Water cart_27.lab,3.97
978,Water cart_28.wav,Water cart_28.lab,5.12
979,Water cart_29.wav,Water cart_29.lab,2.02
980,Water cart_2.wav,Water cart_2.lab,6.18
981,Water cart_30.wav,Water cart_30.lab,1.14
982,Water cart_31.wav,Water cart_31.lab,3.57
983,Water cart_32.wav,Water cart_32.lab,2.651995
984,Water cart_33.wav,Water cart_33.lab,5.45
985,Water cart_34.wav,Water cart_34.lab,2.15
986,Water cart_35.wav,Water cart_35.lab,2.14
987,Water cart_36.wav,Water cart_36.lab,8.49
988,Water cart_37.wav,Water cart_37.lab,2.18
989,Water cart_38.wav,Water cart_38.lab,3.6
990,Water cart_39.wav,Water cart_39.lab,3.76
991,Water cart_3.wav,Water cart_3.lab,4.72
992,Water cart_40.wav,Water cart_40.lab,1.49102
993,Water cart_41.wav,Water cart_41.lab,10.618005
994,Water cart_42.wav,Water cart_42.lab,0.77898
995,Water cart_4.wav,Water cart_4.lab,9.55
996,Water cart_5.wav,Water cart_5.lab,2.92
997,Water cart_6.wav,Water cart_6.lab,1.43
998,Water cart_7.wav,Water cart_7.lab,1.32
999,Water cart_8.wav,Water cart_8.lab,2.15
1000,Water cart_9.wav,Water cart_9.lab,5.71
1001,WC_1.wav,WC_1.lab,1.558005
1002,WC_2.wav,WC_2.lab,2.94
1003,WC_3.wav,WC_3.lab,3.915011
1004,WC_4.wav,WC_4.lab,2.041995
1005,WC_5.wav,WC_5.lab,1.622018
1006,WC_6.wav,WC_6.lab,2.8
1007,WC_7.wav,WC_7.lab,3.274014
1008,Worms_1.wav,Worms_1.lab,2.221995
1009,Worms_2.wav,Worms_2.lab,1.546009
1010,Worms_3.wav,Worms_3.lab,3.601995
1011,Worms_4.wav,Worms_4.lab,3.595011
1012,Wyttal_10.wav,Wyttal_10.lab,4.4
1013,Wyttal_11.wav,Wyttal_11.lab,5.5
1014,Wyttal_12.wav,Wyttal_12.lab,2.07
1015,Wyttal_1.wav,Wyttal_1.lab,9.13
1016,Wyttal_2.wav,Wyttal_2.lab,7.4
1017,Wyttal_3.wav,Wyttal_3.lab,1.99
1018,Wyttal_4.wav,Wyttal_4.lab,3.86
1019,Wyttal_5.wav,Wyttal_5.lab,4.43
1020,Wyttal_6.wav,Wyttal_6.lab,2.39
1021,Wyttal_7.wav,Wyttal_7.lab,2.94
1022,Wyttal_8.wav,Wyttal_8.lab,5.41
1023,Wyttal_9.wav,Wyttal_9.lab,5.08
1024,Yurgayuk_10.wav,Yurgayuk_10.lab,2.872993
1025,Yurgayuk_11.wav,Yurgayuk_11.lab,0.68
1026,Yurgayuk_1.wav,Yurgayuk_1.lab,6.321995
1027,Yurgayuk_2.wav,Yurgayuk_2.lab,7.052993
1028,Yurgayuk_3.wav,Yurgayuk_3.lab,1.975011
1029,Yurgayuk_4.wav,Yurgayuk_4.lab,5.19
1030,Yurgayuk_5.wav,Yurgayuk_5.lab,3.214989
1031,Yurgayuk_6.wav,Yurgayuk_6.lab,4.23102
1032,Yurgayuk_7.wav,Yurgayuk_7.lab,4.02
1033,Yurgayuk_8.wav,Yurgayuk_8.lab,2.618005
1034,Yurgayuk_9.wav,Yurgayuk_9.lab,5.518005
1035,B03___01_Luke________CKTIBTP1DA.wav,B03___01_Luke________CKTIBTP1DA_cyr.lab,808.724898
1036,B03___02_Luke________CKTIBTP1DA.wav,B03___02_Luke________CKTIBTP1DA_cyr.lab,582.661224
1037,B03___03_Luke________CKTIBTP1DA.wav,B03___03_Luke________CKTIBTP1DA_cyr.lab,440.267755
1038,B03___04_Luke________CKTIBTP1DA.wav,B03___04_Luke________CKTIBTP1DA_cyr.lab,551.392653
1039,B03___05_Luke________CKTIBTP1DA.wav,B03___05_Luke________CKTIBTP1DA_cyr.lab,559.673469
1040,B03___06_Luke________CKTIBTP1DA.wav,B03___06_Luke________CKTIBTP1DA_cyr.lab,757.76
1041,B03___07_Luke________CKTIBTP1DA.wav,B03___07_Luke________CKTIBTP1DA_cyr.lab,672.052245
1042,B03___08_Luke________CKTIBTP1DA.wav,B03___08_Luke________CKTIBTP1DA_cyr.lab,833.645714
1043,B03___09_Luke________CKTIBTP1DA.wav,B03___09_Luke________CKTIBTP1DA_cyr.lab,863.634286
1044,B03___10_Luke________CKTIBTP1DA.wav,B03___10_Luke________CKTIBTP1DA_cyr.lab,609.515102
1045,B03___11_Luke________CKTIBTP1DA.wav,B03___11_Luke________CKTIBTP1DA_cyr.lab,781.191837
1046,B03___12_Luke________CKTIBTP1DA.wav,B03___12_Luke________CKTIBTP1DA_cyr.lab,833.724082
1047,B03___13_Luke________CKTIBTP1DA.wav,B03___13_Luke________CKTIBTP1DA_cyr.lab,490.266122
1048,B03___14_Luke________CKTIBTP1DA.wav,B03___14_Luke________CKTIBTP1DA_cyr.lab,437.995102
1049,B03___15_Luke________CKTIBTP1DA.wav,B03___15_Luke________CKTIBTP1DA_cyr.lab,381.361633
1050,B03___16_Luke________CKTIBTP1DA.wav,B03___16_Luke________CKTIBTP1DA_cyr.lab,461.191837
1051,B03___17_Luke________CKTIBTP1DA.wav,B03___17_Luke________CKTIBTP1DA_cyr.lab,454.974694
1052,B03___18_Luke________CKTIBTP1DA.wav,B03___18_Luke________CKTIBTP1DA_cyr.lab,530.729796
1053,B03___19_Luke________CKTIBTP1DA.wav,B03___19_Luke________CKTIBTP1DA_cyr.lab,563.356735
1054,B03___20_Luke________CKTIBTP1DA.wav,B03___20_Luke________CKTIBTP1DA_cyr.lab,560.483265
1055,B03___21_Luke________CKTIBTP1DA.wav,B03___21_Luke________CKTIBTP1DA_cyr.lab,453.302857
1056,B03___22_Luke________CKTIBTP1DA.wav,B03___22_Luke________CKTIBTP1DA_cyr.lab,841.377959
1057,B03___23_Luke________CKTIBTP1DA.wav,B03___23_Luke________CKTIBTP1DA_cyr.lab,637.570612
1058,B03___24_Luke________CKTIBTP1DA.wav,B03___24_Luke________CKTIBTP1DA_cyr.lab,552.85551
1059,rasskaz_ob_olennykh_chuckchakh.wav,Об оленных чукчах,129.96
1060,Ворон_и_зайчик.wav,Ворон и зайчик,107.821497
1061,Антонина Кымъытваал - Мэлёталгык&#8217;ай ынкъам кэлы (Сказка &quot;Зайчик и чёрт&quot;).61129642.wav,Зайчик и чёрт,196.637823
1062,Антонина Кымъытваал - Пипиӄылгын ынкъам рэӄокалгын (чукотская Сказка &quot;Мышка и лисица&quot;).171034600.wav,Мышка и лисица,167.824762
1063,Книга пророка Ионы на чукотском языке--F1vh7aTW2w.wav,book_of_jonah,687.090083
